Year,State,value
1928,Alaska,
1928,Ala.,334.9621212
1928,Ark.,481.8083378
1928,Ariz.,200.7109005
1928,Calif.,69.18974551
1928,Colo.,206.9526627
1928,Conn.,634.9714648
1928,D.C.,535.5949896
1928,Del.,256.0085837
1928,Fla.,119.5743196
1928,Ga.,159.7140889
1928,Hawaii,
1928,Iowa,28.65306122
1928,Idaho,19.59910913
1928,Ill.,98.25105597
1928,Ind.,263.6830635
1928,Kan.,136.9189189
1928,Ky.,216.2446436
1928,La.,260.2955426
1928,Mass.,981.0528812
1928,Md.,1089.347826
1928,Maine,401.944793
1928,Mich.,547.5669882
1928,Minn.,79.16666667
1928,Mo.,198.6670369
1928,Miss.,0
1928,Mont.,139.9260628
1928,N.C.,1823.718365
1928,N.D.,55.78947368
1928,Neb.,78.95696572
1928,N.H.,272.1153846
1928,N.J.,797.1522177
1928,N.M,663.4615385
1928,Nev.,
1928,N.Y.,649.9741357
1928,Ohio,355.9549031
1928,Okla.,268.6860068
1928,Ore.,223.1303419
1928,Pa.,583.9318506
1928,R.I.,735.3244838
1928,S.C.,1138.470385
1928,S.D.,160.1459854
1928,Tenn.,315.3963415
1928,Texas,97.33920705
1928,Utah,16.76587302
1928,Va.,
1928,Vt.,334.7765363
1928,Wash.,344.8098001
1928,Wis.,124.58091
1928,W.Va.,195.9316038
1928,Wyo.,227.0454545
1929,Alaska,
1929,Ala.,111.913767
1929,Ark.,67.22462203
1929,Ariz.,54.88372093
1929,Calif.,72.75357078
1929,Colo.,74.20634921
1929,Conn.,614.8055207
1929,D.C.,94.20289855
1929,Del.,239.8305085
1929,Fla.,77.99307958
1929,Ga.,40.64760592
1929,Hawaii,
1929,Iowa,82.96747967
1929,Idaho,160.4026846
1929,Ill.,506.2187747
1929,Ind.,322.1016739
1929,Kan.,555.4365292
1929,Ky.,43.1696086
1929,La.,88.83029722
1929,Mass.,351.406952
1929,Md.,126.0333128
1929,Maine,719.1969887
1929,Mich.,376.4754953
1929,Minn.,492.340591
1929,Mo.,183.4345665
1929,Miss.,
1929,Mont.,817.7480916
1929,N.C.,38.52537504
1929,N.D.,339.1691395
1929,Neb.,302.9818182
1929,N.H.,344.5396146
1929,N.J.,181.8250188
1929,N.M,54.76190476
1929,Nev.,
1929,N.Y.,249.1003204
1929,Ohio,561.1379414
1929,Okla.,46.16357504
1929,Ore.,492.2914467
1929,Pa.,489.6122596
1929,R.I.,270.6140351
1929,S.C.,12.13341001
1929,S.D.,167.826087
1929,Tenn.,33.02611367
1929,Texas,71.27733426
1929,Utah,68.8976378
1929,Va.,
1929,Vt.,105.2924791
1929,Wash.,248.6173633
1929,Wis.,1016.530334
1929,W.Va.,380.1397787
1929,Wyo.,312.1076233
1930,Alaska,
1930,Ala.,157.0079335
1930,Ark.,53.46960732
1930,Ariz.,466.359447
1930,Calif.,760.2171248
1930,Colo.,1132.788462
1930,Conn.,112.2132672
1930,D.C.,182.1721311
1930,Del.,109.2050209
1930,Fla.,356.5601632
1930,Ga.,153.2302405
1930,Hawaii,
1930,Iowa,395.5959596
1930,Idaho,196.6442953
1930,Ill.,216.0779696
1930,Ind.,120.7587909
1930,Kan.,666.7551779
1930,Ky.,70.186809
1930,La.,86.27078385
1930,Mass.,630.2823529
1930,Md.,73.8997555
1930,Maine,198.875
1930,Mich.,583.6367398
1930,Minn.,218.9829193
1930,Mo.,149.8080088
1930,Miss.,
1930,Mont.,117.4397032
1930,N.C.,41.1746132
1930,N.D.,117.0087977
1930,Neb.,745.3623188
1930,N.H.,126.3948498
1930,N.J.,602.8761062
1930,N.M,529.2740047
1930,Nev.,
1930,N.Y.,315.3870483
1930,Ohio,277.51426
1930,Okla.,164.9312786
1930,Ore.,276.3598326
1930,Pa.,356.5550834
1930,R.I.,39.21282799
1930,S.C.,14.44126074
1930,S.D.,346.3203463
1930,Tenn.,179.9159985
1930,Texas,73.15195072
1930,Utah,1044.793713
1930,Va.,
1930,Vt.,236.6666667
1930,Wash.,631.6326531
1930,Wis.,748.5423729
1930,W.Va.,157.7034045
1930,Wyo.,341.5929204
1931,Alaska,
1931,Ala.,337.2593431
1931,Ark.,45.94155844
1931,Ariz.,497.6689977
1931,Calif.,477.4553571
1931,Colo.,453.3143939
1931,Conn.,790.4791155
1931,D.C.,832.9365079
1931,Del.,1003.305785
1931,Fla.,260.8171467
1931,Ga.,104.4117647
1931,Hawaii,
1931,Iowa,34.28686543
1931,Idaho,25.99118943
1931,Ill.,516.950696
1931,Ind.,541.2342647
1931,Kan.,93.46092504
1931,Ky.,181.0331825
1931,La.,11.48775895
1931,Mass.,386.7937853
1931,Md.,1264.876282
1931,Maine,434.3246592
1931,Mich.,133.4514381
1931,Minn.,123.5271614
1931,Mo.,369.7925088
1931,Miss.,
1931,Mont.,284.8148148
1931,N.C.,480.4962312
1931,N.D.,142.0588235
1931,Neb.,24.92774566
1931,N.H.,299.1489362
1931,N.J.,494.1990291
1931,N.M,324.5412844
1931,Nev.,
1931,N.Y.,423.2254047
1931,Ohio,291.3056468
1931,Okla.,32.20973783
1931,Ore.,242.5465839
1931,Pa.,821.5514577
1931,R.I.,665.051395
1931,S.C.,189.9600685
1931,S.D.,212.3919308
1931,Tenn.,134.7760632
1931,Texas,39.546301
1931,Utah,29.8245614
1931,Va.,
1931,Vt.,318.3844011
1931,Wash.,197.4067046
1931,Wis.,506.5551839
1931,W.Va.,291.3793103
1931,Wyo.,60.69868996
1932,Alaska,
1932,Ala.,10.17715793
1932,Ark.,5.392156863
1932,Ariz.,20.18779343
1932,Calif.,214.0821174
1932,Colo.,222.8893058
1932,Conn.,348.2590104
1932,D.C.,53.21637427
1932,Del.,15.91836735
1932,Fla.,13.60946746
1932,Ga.,34.37819421
1932,Hawaii,
1932,Iowa,6.347930896
1932,Idaho,8.71459695
1932,Ill.,208.2859359
1932,Ind.,88.81438586
1932,Kan.,326.606479
1932,Ky.,72.98206278
1932,La.,67.42459397
1932,Mass.,463.183846
1932,Md.,65.13706794
1932,Maine,1086.257669
1932,Mich.,881.0878661
1932,Minn.,95.08692366
1932,Mo.,43.19273892
1932,Miss.,
1932,Mont.,1007.962963
1932,N.C.,423.086458
1932,N.D.,318.0473373
1932,Neb.,31.6017316
1932,N.H.,151.2658228
1932,N.J.,373.9563107
1932,N.M,271.8820862
1932,Nev.,
1932,N.Y.,465.0719175
1932,Ohio,539.3479232
1932,Okla.,43.19131161
1932,Ore.,514.1975309
1932,Pa.,470.6780008
1932,R.I.,1472.67356
1932,S.C.,182.6086957
1932,S.D.,96.38728324
1932,Tenn.,68.97823681
1932,Texas,76.56433484
1932,Utah,13.92649903
1932,Va.,53.38499184
1932,Vt.,1146.089385
1932,Wash.,631.8813131
1932,Wis.,935.286329
1932,W.Va.,599.6565541
1932,Wyo.,242.173913
1933,Alaska,
1933,Ala.,65.20105224
1933,Ark.,293.3117584
1933,Ariz.,296.0093897
1933,Calif.,445.2624518
1933,Colo.,27.73109244
1933,Conn.,330.6942753
1933,D.C.,100.7561437
1933,Del.,82.66129032
1933,Fla.,63.98195876
1933,Ga.,156.8813559
1933,Hawaii,
1933,Iowa,33.0260521
1933,Idaho,193.5344828
1933,Ill.,155.6642636
1933,Ind.,108.0508475
1933,Kan.,335.0559403
1933,Ky.,57.82060786
1933,La.,42.7456382
1933,Mass.,351.8682858
1933,Md.,41.14521842
1933,Maine,13.39829476
1933,Mich.,462.1129707
1933,Minn.,752.3381968
1933,Mo.,152.9552081
1933,Miss.,
1933,Mont.,419.5933457
1933,N.C.,495.624235
1933,N.D.,373.5905045
1933,Neb.,117.3285199
1933,N.H.,218.4486373
1933,N.J.,726.9296323
1933,N.M,148.7750557
1933,Nev.,
1933,N.Y.,548.9638885
1933,Ohio,233.694362
1933,Okla.,101.8812709
1933,Ore.,230.3680982
1933,Pa.,336.3859362
1933,R.I.,9.333333333
1933,S.C.,360.673516
1933,S.D.,299.1304348
1933,Tenn.,133.4910812
1933,Texas,361.3900898
1933,Utah,402.1153846
1933,Va.,351.8699187
1933,Vt.,312.605042
1933,Wash.,155.8417085
1933,Wis.,317.4671053
1933,W.Va.,303.3675799
1933,Wyo.,249.1304348
1934,Alaska,
1934,Ala.,590.2793296
1934,Ark.,384.5580405
1934,Ariz.,238.7850467
1934,Calif.,423.2673267
1934,Colo.,1204.27907
1934,Conn.,282.3636364
1934,D.C.,1137.5
1934,Del.,1225.2
1934,Fla.,505.6782334
1934,Ga.,774.7975709
1934,Hawaii,
1934,Iowa,346.374502
1934,Idaho,252.4312896
1934,Ill.,574.8327329
1934,Ind.,631.0033143
1934,Kan.,538.8650964
1934,Ky.,422.5202057
1934,La.,220.9809264
1934,Mass.,1039.465738
1934,Md.,1575.906433
1934,Maine,78.04583836
1934,Mich.,132.4510213
1934,Minn.,313.580705
1934,Mo.,539.4820296
1934,Miss.,
1934,Mont.,355.9633028
1934,N.C.,1685.35109
1934,N.D.,657.5892857
1934,Neb.,331.0419682
1934,N.H.,846.6666667
1934,N.J.,359.9413059
1934,N.M,731.8872017
1934,Nev.,
1934,N.Y.,258.1151437
1934,Ohio,410.5021478
1934,Okla.,378.0844835
1934,Ore.,193.5025381
1934,Pa.,848.1470138
1934,R.I.,65.77777778
1934,S.C.,637.6136364
1934,S.D.,1373.900293
1934,Tenn.,647.8448276
1934,Texas,490.6492648
1934,Utah,2184.8659
1934,Va.,1158.752515
1934,Vt.,380.6722689
1934,Wash.,473.7888199
1934,Wis.,1332.874918
1934,W.Va.,231.7899492
1934,Wyo.,967.3819742
1935,Alaska,
1935,Ala.,265.3181317
1935,Ark.,80.31746032
1935,Ariz.,135.0230415
1935,Calif.,466.3805668
1935,Colo.,1186.085343
1935,Conn.,1449.519808
1935,D.C.,152.7960526
1935,Del.,412.6984127
1935,Fla.,72.78363298
1935,Ga.,1.049069374
1935,Hawaii,
1935,Iowa,865.6497623
1935,Idaho,182.3284823
1935,Ill.,746.8128767
1935,Ind.,299.1296519
1935,Kan.,1399.038462
1935,Ky.,533.7336245
1935,La.,117.2800718
1935,Mass.,286.7372784
1935,Md.,133.1405437
1935,Maine,857.7751196
1935,Mich.,1600.888797
1935,Minn.,1062.01693
1935,Mo.,345.1816746
1935,Miss.,
1935,Mont.,1422.545455
1935,N.C.,323.8940716
1935,N.D.,290.4477612
1935,Neb.,639.6363636
1935,N.H.,55.09355509
1935,N.J.,792.9498164
1935,N.M,148
1935,Nev.,
1935,N.Y.,516.4336449
1935,Ohio,544.8062472
1935,Okla.,102.9337804
1935,Ore.,705.3946054
1935,Pa.,917.3419276
1935,R.I.,994.100295
1935,S.C.,46.24081402
1935,S.D.,167.2106825
1935,Tenn.,51.32237312
1935,Texas,64.06990038
1935,Utah,50.19011407
1935,Va.,727.3412698
1935,Vt.,389.3557423
1935,Wash.,525.475752
1935,Wis.,1415.407166
1935,W.Va.,605.9085842
1935,Wyo.,935.443038
1936,Alaska,
1936,Ala.,20.7801677
1936,Ark.,5.655391121
1936,Ariz.,525.5079007
1936,Calif.,773.537297
1936,Colo.,54.7706422
1936,Conn.,228.9473684
1936,D.C.,335.6120827
1936,Del.,555.9288538
1936,Fla.,18.2616596
1936,Ga.,0.268636669
1936,Hawaii,
1936,Iowa,7.971303308
1936,Idaho,262.6262626
1936,Ill.,15.38903061
1936,Ind.,21.08721625
1936,Kan.,23.16746923
1936,Ky.,79.66040462
1936,La.,57.70258237
1936,Mass.,613.7887486
1936,Md.,405.3295129
1936,Maine,891.9047619
1936,Mich.,47.70914297
1936,Minn.,283.0285296
1936,Mo.,17.35069718
1936,Miss.,
1936,Mont.,81.58844765
1936,N.C.,40.25702331
1936,N.D.,16.56626506
1936,Neb.,86.34020619
1936,N.H.,185.3430353
1936,N.J.,215.0587659
1936,N.M,234.9693252
1936,Nev.,
1936,N.Y.,477.453453
1936,Ohio,136.5240406
1936,Okla.,15.22198732
1936,Ore.,919.1219512
1936,Pa.,243.5036347
1936,R.I.,368.6588921
1936,S.C.,48.23133071
1936,S.D.,33.63363363
1936,Tenn.,50.16123253
1936,Texas,125.5813953
1936,Utah,117.8368121
1936,Va.,127.8409091
1936,Vt.,2974.789916
1936,Wash.,463.7023593
1936,Wis.,126.541207
1936,W.Va.,63.27433628
1936,Wyo.,57.5
1937,Alaska,
1937,Ala.,22.44750181
1937,Ark.,16.9206516
1937,Ariz.,837.3068433
1937,Calif.,78.23223039
1937,Colo.,93.02536232
1937,Conn.,606.7342074
1937,D.C.,333.2792208
1937,Del.,707.0866142
1937,Fla.,23.05441779
1937,Ga.,
1937,Hawaii,
1937,Iowa,10.76861489
1937,Idaho,243.1952663
1937,Ill.,146.9390353
1937,Ind.,210.0770599
1937,Kan.,42.13362069
1937,Ky.,245.7614943
1937,La.,20.73548959
1937,Mass.,478.3386875
1937,Md.,698.1755986
1937,Maine,134.3230404
1937,Mich.,115.599839
1937,Minn.,25.12745812
1937,Mo.,186.4259357
1937,Miss.,0
1937,Mont.,111.732852
1937,N.C.,226.05613
1937,N.D.,8.396946565
1937,Neb.,34.50336072
1937,N.H.,393.1392931
1937,N.J.,1108.953033
1937,N.M,487.2763419
1937,Nev.,
1937,N.Y.,202.8273259
1937,Ohio,366.3386694
1937,Okla.,45.62982005
1937,Ore.,38.16793893
1937,Pa.,390.9090909
1937,R.I.,679.2507205
1937,S.C.,99.16759156
1937,S.D.,9.908536585
1937,Tenn.,106.4042934
1937,Texas,235.104
1937,Utah,396.7863894
1937,Va.,337.4131274
1937,Vt.,289.3258427
1937,Wash.,103.3313504
1937,Wis.,66.54792746
1937,W.Va.,110.03861
1937,Wyo.,69.95884774
1938,Alaska,
1938,Ala.,496.4298529
1938,Ark.,356.716805
1938,Ariz.,149.3562232
1938,Calif.,278.3052885
1938,Colo.,823.6960432
1938,Conn.,107.5415677
1938,D.C.,115.5956113
1938,Del.,235.9922179
1938,Fla.,517.8430265
1938,Ga.,299.935296
1938,Hawaii,
1938,Iowa,223.1956696
1938,Idaho,425.7309942
1938,Ill.,1145.156369
1938,Ind.,523.1836976
1938,Kan.,583.0618893
1938,Ky.,393.4821429
1938,La.,44.74835886
1938,Mass.,229.9885452
1938,Md.,159.0600227
1938,Maine,509.6678529
1938,Mich.,1505.528085
1938,Minn.,256.1932437
1938,Mo.,525.4033325
1938,Miss.,0
1938,Mont.,1119.746377
1938,N.C.,1383.343023
1938,N.D.,863.446677
1938,Neb.,209.0874811
1938,N.H.,341.3402062
1938,N.J.,716.9756098
1938,N.M,628.9473684
1938,Nev.,
1938,N.Y.,518.857312
1938,Ohio,694.2811174
1938,Okla.,116.630809
1938,Ore.,121.8837863
1938,Pa.,1329.77291
1938,R.I.,35.95100865
1938,S.C.,373.4187568
1938,S.D.,212.4807396
1938,Tenn.,403.6511875
1938,Texas,95.34994445
1938,Utah,1808.878505
1938,Va.,475.8150114
1938,Vt.,1652.668539
1938,Wash.,112.1908127
1938,Wis.,2348.047127
1938,W.Va.,595.1586433
1938,Wyo.,360.5691057
1939,Alaska,
1939,Ala.,182.6581379
1939,Ark.,123.536961
1939,Ariz.,144.0082645
1939,Calif.,939.4841562
1939,Colo.,525.2083333
1939,Conn.,937.5589623
1939,D.C.,497.4164134
1939,Del.,94.67680608
1939,Fla.,157.5344953
1939,Ga.,115.9615385
1939,Hawaii,
1939,Iowa,209.1071429
1939,Idaho,694.1778631
1939,Ill.,100.0887199
1939,Ind.,59.75609756
1939,Kan.,158.1962719
1939,Ky.,79.81120944
1939,La.,157.0479863
1939,Mass.,546.1697723
1939,Md.,852.8908719
1939,Maine,271.0992908
1939,Mich.,328.1613654
1939,Minn.,655.6297366
1939,Mo.,76.56621729
1939,Miss.,0
1939,Mont.,1973.333333
1939,N.C.,664.4991463
1939,N.D.,843.1677019
1939,Neb.,275.9484067
1939,N.H.,133.9795918
1939,N.J.,104.8680068
1939,N.M,316.1249203
1939,Nev.,
1939,N.Y.,331.3576869
1939,Ohio,74.01248911
1939,Okla.,194.3849121
1939,Ore.,219.7502313
1939,Pa.,186.6023634
1939,R.I.,416.8330956
1939,S.C.,60.36324786
1939,S.D.,1173.72093
1939,Tenn.,108.4261192
1939,Texas,115.9879455
1939,Utah,1002.209945
1939,Va.,394.2509363
1939,Vt.,1029.189944
1939,Wash.,1158.172983
1939,Wis.,768.03909
1939,W.Va.,99.09885796
1939,Wyo.,1392.33871
1940,Alaska,
1940,Ala.,115.1142355
1940,Ark.,72.02046036
1940,Ariz.,339.0781563
1940,Calif.,376.4460432
1940,Colo.,231.8141593
1940,Conn.,376.5222482
1940,D.C.,127.0289855
1940,Del.,36.05947955
1940,Fla.,114.229765
1940,Ga.,93.87624239
1940,Hawaii,
1940,Iowa,212.5936145
1940,Idaho,337.5478927
1940,Ill.,84.14927261
1940,Ind.,16.64724731
1940,Kan.,450.3076063
1940,Ky.,97.63903463
1940,La.,47.80590717
1940,Mass.,498.7262622
1940,Md.,233.8499184
1940,Maine,837.7502945
1940,Mich.,299.6895579
1940,Minn.,300.3046595
1940,Mo.,15.54410988
1940,Miss.,0
1940,Mont.,476.4336918
1940,N.C.,210.2825965
1940,N.D.,149.0625
1940,Neb.,129.0273556
1940,N.H.,147.6626016
1940,N.J.,302.011976
1940,N.M,216.6666667
1940,Nev.,0
1940,N.Y.,212.2213139
1940,Ohio,22.40583057
1940,Okla.,60.3655914
1940,Ore.,671.1325967
1940,Pa.,148.6156023
1940,R.I.,467.7329624
1940,S.C.,32.28180862
1940,S.D.,253.8221529
1940,Tenn.,95.14480409
1940,Texas,249.9066148
1940,Utah,1363.224638
1940,Va.,203.8419118
1940,Vt.,241.046832
1940,Wash.,919.6264368
1940,Wis.,636.4301623
1940,W.Va.,29.81122181
1940,Wyo.,393.6
1941,Alaska,
1941,Ala.,297.5017229
1941,Ark.,273.8953784
1941,Ariz.,615.3061224
1941,Calif.,174.4300124
1941,Colo.,661.6992883
1941,Conn.,364.5761741
1941,D.C.,488.2198953
1941,Del.,1268.363636
1941,Fla.,459.7174021
1941,Ga.,294.1176471
1941,Hawaii,
1941,Iowa,197.8924127
1941,Idaho,101.996008
1941,Ill.,613.1394622
1941,Ind.,381.6106804
1941,Kan.,764.4759207
1941,Ky.,610.5169972
1941,La.,35.04428341
1941,Mass.,474.0487583
1941,Md.,384.2916884
1941,Maine,557.6877934
1941,Mich.,1119.526681
1941,Minn.,35.33848418
1941,Mo.,175.163999
1941,Miss.,0
1941,Mont.,161.2338858
1941,N.C.,658.4285316
1941,N.D.,223.1707317
1941,Neb.,34.59119497
1941,N.H.,202.0408163
1941,N.J.,1044.569817
1941,N.M,778.0632411
1941,Nev.,275.8333333
1941,N.Y.,789.5304138
1941,Ohio,1132.789595
1941,Okla.,88.74889478
1941,Ore.,607.5163399
1941,Pa.,1011.29553
1941,R.I.,57.66073871
1941,S.C.,481.9571865
1941,S.D.,61.33768352
1941,Tenn.,278.1365624
1941,Texas,308.3447229
1941,Utah,281.1252269
1941,Va.,1035.288967
1941,Vt.,384.6264368
1941,Wash.,118.2224707
1941,Wis.,993.1050955
1941,W.Va.,592.2546419
1941,Wyo.,381.7813765
1942,Alaska,
1942,Ala.,126.1645699
1942,Ark.,232.7263531
1942,Ariz.,740.8396947
1942,Calif.,1222.029735
1942,Colo.,505.4806828
1942,Conn.,587.8627232
1942,D.C.,190.7168038
1942,Del.,90.14336918
1942,Fla.,189.632729
1942,Ga.,168.7597382
1942,Hawaii,
1942,Iowa,254.7765478
1942,Idaho,395.083682
1942,Ill.,132.6858632
1942,Ind.,94.98146564
1942,Kan.,535.2272727
1942,Ky.,84.07222024
1942,La.,123.7038492
1942,Mass.,564.9084668
1942,Md.,535.2102102
1942,Maine,540.5840286
1942,Mich.,168.3366372
1942,Minn.,567.6934636
1942,Mo.,178.6758945
1942,Miss.,0
1942,Mont.,588.5135135
1942,N.C.,564.8781171
1942,N.D.,274.0994854
1942,Neb.,428.5310734
1942,N.H.,167.1517672
1942,N.J.,322.0851757
1942,N.M,315.6374502
1942,Nev.,811.6788321
1942,N.Y.,191.2282726
1942,Ohio,127.0627063
1942,Okla.,260.8803612
1942,Ore.,499.0966576
1942,Pa.,380.3946826
1942,R.I.,609.2914439
1942,S.C.,218.2361734
1942,S.D.,143.0390492
1942,Tenn.,106.3456958
1942,Texas,517.2850544
1942,Utah,2589.043478
1942,Va.,177.6168532
1942,Vt.,1071.282799
1942,Wash.,645.6338769
1942,Wis.,781.8047822
1942,W.Va.,303.79574
1942,Wyo.,635.2589641
1943,Alaska,
1943,Ala.,130.82357
1943,Ark.,162.5881715
1943,Ariz.,172.4710983
1943,Calif.,340.0775923
1943,Colo.,976.9731136
1943,Conn.,550.390625
1943,D.C.,234.2777778
1943,Del.,564.5390071
1943,Fla.,68.60465116
1943,Ga.,126.4560863
1943,Hawaii,
1943,Iowa,242.7806341
1943,Idaho,650.9
1943,Ill.,328.4692694
1943,Ind.,263.0182662
1943,Kan.,547.8285078
1943,Ky.,383.7913108
1943,La.,106.4327485
1943,Mass.,752.1846371
1943,Md.,196.7687889
1943,Maine,298.0148883
1943,Mich.,765.1803885
1943,Minn.,398.0015522
1943,Mo.,196.099865
1943,Miss.,
1943,Mont.,1122.061856
1943,N.C.,165.9824849
1943,N.D.,798.5347985
1943,Neb.,401.0878324
1943,N.H.,211.1471861
1943,N.J.,927.141505
1943,N.M,105.7116105
1943,Nev.,397.3509934
1943,N.Y.,478.1877098
1943,Ohio,276.4269074
1943,Okla.,76.03174603
1943,Ore.,693.980344
1943,Pa.,563.1406184
1943,R.I.,296.3815789
1943,S.C.,153.7112354
1943,S.D.,507.3253833
1943,Tenn.,194.9697174
1943,Texas,233.4498003
1943,Utah,1211.251981
1943,Va.,341.3258786
1943,Vt.,2323.700306
1943,Wash.,765.0962013
1943,Wis.,1290.544127
1943,W.Va.,133.716255
1943,Wyo.,1088.663968
1944,Alaska,
1944,Ala.,252.8372591
1944,Ark.,207.4660633
1944,Ariz.,736.7213115
1944,Calif.,599.960872
1944,Colo.,556.4643799
1944,Conn.,493.503937
1944,D.C.,310.1021566
1944,Del.,138.4210526
1944,Fla.,189.7727273
1944,Ga.,171.5207809
1944,Hawaii,
1944,Iowa,201.3906997
1944,Idaho,182.3251418
1944,Ill.,239.8108563
1944,Ind.,149.0843023
1944,Kan.,551.6301293
1944,Ky.,86.48802737
1944,La.,103.9673046
1944,Mass.,433.3850191
1944,Md.,613.7865911
1944,Maine,611.1111111
1944,Mich.,466.9014085
1944,Minn.,770.50673
1944,Mo.,155.9550562
1944,Miss.,0
1944,Mont.,720.7889126
1944,N.C.,671.4747191
1944,N.D.,644.3820225
1944,Neb.,186.1430921
1944,N.H.,125.9868421
1944,N.J.,658.6339586
1944,N.M,303.7001898
1944,Nev.,244.4444444
1944,N.Y.,334.8630029
1944,Ohio,557.899682
1944,Okla.,166.7890357
1944,Ore.,239.8621249
1944,Pa.,256.5715216
1944,R.I.,535.9748428
1944,S.C.,363.6129696
1944,S.D.,258.7610619
1944,Tenn.,184.3967922
1944,Texas,542.1974985
1944,Utah,200.661157
1944,Va.,475.4618227
1944,Vt.,751.433121
1944,Wash.,264.0296367
1944,Wis.,1407.885906
1944,W.Va.,497.2450176
1944,Wyo.,728.0991736
1945,Alaska,
1945,Ala.,27.31531532
1945,Ark.,69.52326901
1945,Ariz.,93.68686869
1945,Calif.,339.4638271
1945,Colo.,95.92293907
1945,Conn.,170.2091577
1945,D.C.,39.61187215
1945,Del.,96.85314685
1945,Fla.,39.63488844
1945,Ga.,27.54087849
1945,Hawaii,
1945,Iowa,61.39514731
1945,Idaho,259.9605523
1945,Ill.,103.2561505
1945,Ind.,33.45491684
1945,Kan.,95.95609474
1945,Ky.,61.10897189
1945,La.,41.18979004
1945,Mass.,186.6341347
1945,Md.,87.42843511
1945,Maine,61.3125
1945,Mich.,121.2054795
1945,Minn.,62.92865589
1945,Mo.,30.20477816
1945,Miss.,0
1945,Mont.,175.2620545
1945,N.C.,72.51627512
1945,N.D.,64.1025641
1945,Neb.,71.552436
1945,N.H.,33.87799564
1945,N.J.,78.88266796
1945,N.M,67.87709497
1945,Nev.,71.81208054
1945,N.Y.,52.38895558
1945,Ohio,49.81203008
1945,Okla.,51.10946746
1945,Ore.,156.32
1945,Pa.,127.2995734
1945,R.I.,55.54123711
1945,S.C.,78.90382627
1945,S.D.,100.6044905
1945,Tenn.,65.86170952
1945,Texas,188.8514503
1945,Utah,746.108291
1945,Va.,64.43783276
1945,Vt.,180
1945,Wash.,291.7044424
1945,Wis.,165.5352921
1945,W.Va.,79.62529274
1945,Wyo.,157.5313808
1946,Alaska,
1946,Ala.,126.7605634
1946,Ark.,168.4474124
1946,Ariz.,498.7012987
1946,Calif.,575.1595355
1946,Colo.,992.726517
1946,Conn.,397.9013641
1946,D.C.,465.9621802
1946,Del.,198.9966555
1946,Fla.,116.9262295
1946,Ga.,117.1036397
1946,Hawaii,
1946,Iowa,160.4783137
1946,Idaho,433.5952849
1946,Ill.,298.1361128
1946,Ind.,293.017288
1946,Kan.,658.1717452
1946,Ky.,269.5943499
1946,La.,126.3106416
1946,Mass.,798.3867379
1946,Md.,488.4146341
1946,Maine,578.0048077
1946,Mich.,627.9196459
1946,Minn.,44.80614484
1946,Mo.,166.9247197
1946,Miss.,
1946,Mont.,422.6653696
1946,N.C.,225.1888829
1946,N.D.,40.78947368
1946,Neb.,395.6210191
1946,N.H.,226.7206478
1946,N.J.,1151.73642
1946,N.M,215.4188948
1946,Nev.,125.8741259
1946,N.Y.,600.8284819
1946,Ohio,200.4526092
1946,Okla.,188.9567669
1946,Ore.,453.4005979
1946,Pa.,611.488952
1946,R.I.,160.5844156
1946,S.C.,358.1869835
1946,S.D.,189.7108844
1946,Tenn.,150.4554327
1946,Texas,410.1709045
1946,Utah,1244.592476
1946,Va.,385.8188045
1946,Vt.,858.625731
1946,Wash.,513.6363636
1946,Wis.,1333.628039
1946,W.Va.,140.5805038
1946,Wyo.,397.6377953
1947,Alaska,
1947,Ala.,127.2603671
1947,Ark.,130.6372549
1947,Ariz.,224.5022971
1947,Calif.,74.97457282
1947,Colo.,142.9264349
1947,Conn.,814.8957804
1947,D.C.,60.13513514
1947,Del.,19.3442623
1947,Fla.,53.06566456
1947,Ga.,102.4297066
1947,Hawaii,
1947,Iowa,177.8597051
1947,Idaho,51.14942529
1947,Ill.,91.45785877
1947,Ind.,60.91558613
1947,Kan.,48.0841878
1947,Ky.,30.09275776
1947,La.,49.96122528
1947,Mass.,252.6637555
1947,Md.,50.88967972
1947,Maine,504.5667447
1947,Mich.,148.0250165
1947,Minn.,319.3669528
1947,Mo.,33.56306892
1947,Miss.,14.97389654
1947,Mont.,843.4086629
1947,N.C.,127.6067923
1947,N.D.,236.0726644
1947,Neb.,37.39130435
1947,N.H.,61.04536489
1947,N.J.,250.7037679
1947,N.M,226.8041237
1947,Nev.,18.45637584
1947,N.Y.,107.9709627
1947,Ohio,239.4484101
1947,Okla.,10.75949367
1947,Ore.,71.93240265
1947,Pa.,113.3728913
1947,R.I.,507.3453608
1947,S.C.,161.87249
1947,S.D.,218.3028286
1947,Tenn.,60.97599495
1947,Texas,109.4951272
1947,Utah,99.21383648
1947,Va.,242.1743205
1947,Vt.,1348.870056
1947,Wash.,63.81727725
1947,Wis.,383.1692308
1947,W.Va.,143.5740839
1947,Wyo.,170.1550388
1948,Alaska,
1948,Ala.,69.08049848
1948,Ark.,208.3287671
1948,Ariz.,623.4057971
1948,Calif.,487.8477742
1948,Colo.,723.2779097
1948,Conn.,140.590864
1948,D.C.,305.0595238
1948,Del.,333.1730769
1948,Fla.,152.3661753
1948,Ga.,37.81834919
1948,Hawaii,
1948,Iowa,352.2414471
1948,Idaho,275.2268603
1948,Ill.,426.9761459
1948,Ind.,366.5849884
1948,Kan.,58.29809725
1948,Ky.,127.9730209
1948,La.,57.62711864
1948,Mass.,674.9679076
1948,Md.,435.3808895
1948,Maine,335.022779
1948,Mich.,561.0735554
1948,Minn.,286.3319386
1948,Mo.,150.2211238
1948,Miss.,58.261079
1948,Mont.,341.6051661
1948,N.C.,26.96116758
1948,N.D.,214.4827586
1948,Neb.,263.2806324
1948,N.H.,77.59615385
1948,N.J.,715.4482614
1948,N.M,174.6688742
1948,Nev.,38.14102564
1948,N.Y.,330.9443333
1948,Ohio,282.3006602
1948,Okla.,66.01244615
1948,Ore.,367.6156584
1948,Pa.,306.6880529
1948,R.I.,48.41168996
1948,S.C.,120.6663327
1948,S.D.,140.2777778
1948,Tenn.,127.5497512
1948,Texas,583.8578547
1948,Utah,910.949464
1948,Va.,191.3002806
1948,Vt.,407.1030641
1948,Wash.,482.2838137
1948,Wis.,926.1466506
1948,W.Va.,295.4713007
1948,Wyo.,805.3903346
1949,Alaska,
1949,Ala.,368.8666667
1949,Ark.,667.7331887
1949,Ariz.,531.512605
1949,Calif.,320.7990713
1949,Colo.,557.6061776
1949,Conn.,935.6299213
1949,D.C.,278.5625774
1949,Del.,234.4936709
1949,Fla.,144.0404798
1949,Ga.,288.6917293
1949,Hawaii,
1949,Iowa,87.00543057
1949,Idaho,511.0526316
1949,Ill.,65.91695502
1949,Ind.,100.1515917
1949,Kan.,882.2857143
1949,Ky.,294.5945946
1949,La.,51.59453303
1949,Mass.,556.8656402
1949,Md.,740.2318592
1949,Maine,1108.859358
1949,Mich.,312.0814908
1949,Minn.,114.4463373
1949,Mo.,203.760948
1949,Miss.,106.7625899
1949,Mont.,676.0984183
1949,N.C.,442.4955254
1949,N.D.,245.8961474
1949,Neb.,207.9877112
1949,N.H.,230.5816135
1949,N.J.,705.1135201
1949,N.M,671.4285714
1949,Nev.,60.50955414
1949,N.Y.,353.0754768
1949,Ohio,268.2679042
1949,Okla.,354.0617577
1949,Ore.,684.3466108
1949,Pa.,483.9653513
1949,R.I.,561.6729089
1949,S.C.,453.0803351
1949,S.D.,157.3692552
1949,Tenn.,252.750309
1949,Texas,749.4818313
1949,Utah,526.5275708
1949,Va.,649.3620899
1949,Vt.,1711.382114
1949,Wash.,551.1769834
1949,Wis.,1171.099971
1949,W.Va.,188.4455959
1949,Wyo.,201.4440433
1950,Alaska,
1950,Ala.,50.88293002
1950,Ark.,91.14255765
1950,Ariz.,316.005291
1950,Calif.,137.9413693
1950,Colo.,395.3962264
1950,Conn.,197.4206349
1950,D.C.,213.5235732
1950,Del.,194.7040498
1950,Fla.,83.41637011
1950,Ga.,62.43493349
1950,Hawaii,13.25301205
1950,Iowa,399.4666667
1950,Idaho,324.0677966
1950,Ill.,200.3547723
1950,Ind.,169.4227376
1950,Kan.,93.16283925
1950,Ky.,162.6362398
1950,La.,28.55024101
1950,Mass.,264.7247119
1950,Md.,61.74097665
1950,Maine,106.1068702
1950,Mich.,575.2926487
1950,Minn.,125.1584918
1950,Mo.,58.04742684
1950,Miss.,99.49448529
1950,Mont.,300.1686341
1950,N.C.,118.879056
1950,N.D.,63.65105008
1950,Neb.,275.2825923
1950,N.H.,34.39849624
1950,N.J.,601.6625616
1950,N.M,135.9941945
1950,Nev.,67.90123457
1950,N.Y.,201.305079
1950,Ohio,161.7919799
1950,Okla.,27.50112158
1950,Ore.,49.41253264
1950,Pa.,165.4325688
1950,R.I.,30.66157761
1950,S.C.,90.62943682
1950,S.D.,102.5954198
1950,Tenn.,104.13273
1950,Texas,175.6430041
1950,Utah,879.1666667
1950,Va.,85.42986425
1950,Vt.,157.5197889
1950,Wash.,142.6057813
1950,Wis.,546.7132054
1950,W.Va.,293.1704885
1950,Wyo.,210
1951,Alaska,
1951,Ala.,103.2363517
1951,Ark.,401.1046817
1951,Ariz.,1351.464968
1951,Calif.,548.3653673
1951,Colo.,934.0120664
1951,Conn.,227.4161736
1951,D.C.,185.1485149
1951,Del.,208.4592145
1951,Fla.,76.17449664
1951,Ga.,213.0557916
1951,Hawaii,955.2529183
1951,Iowa,103.7829576
1951,Idaho,358.0645161
1951,Ill.,187.6450512
1951,Ind.,102.0019531
1951,Kan.,572.2051282
1951,Ky.,290.9894594
1951,La.,78.72878295
1951,Mass.,311.5384615
1951,Md.,269.0700533
1951,Maine,193.0131004
1951,Mich.,221.8562413
1951,Minn.,93.35548173
1951,Mo.,188.5678705
1951,Miss.,91.26213592
1951,Mont.,416.6107383
1951,N.C.,81.38349515
1951,N.D.,426.986755
1951,Neb.,41.71732523
1951,N.H.,196.4083176
1951,N.J.,394.9860168
1951,N.M,297.4895397
1951,Nev.,171.4285714
1951,N.Y.,240.6111484
1951,Ohio,295.782161
1951,Okla.,359.9095023
1951,Ore.,617.8020566
1951,Pa.,299.8661696
1951,R.I.,113.2653061
1951,S.C.,34.28703276
1951,S.D.,106.7175573
1951,Tenn.,80.6346382
1951,Texas,808.7905314
1951,Utah,331.4447592
1951,Va.,408.7070472
1951,Vt.,1130.952381
1951,Wash.,733.3333333
1951,Wis.,958.0692062
1951,W.Va.,227.2681452
1951,Wyo.,753.6082474
1952,Alaska,
1952,Ala.,351.7275098
1952,Ark.,188.5473341
1952,Ariz.,424.584323
1952,Calif.,335.2943704
1952,Colo.,386.9230769
1952,Conn.,1179.000481
1952,D.C.,286.2111801
1952,Del.,119.3548387
1952,Fla.,110.0095027
1952,Ga.,225.4324777
1952,Hawaii,
1952,Iowa,120.8111196
1952,Idaho,196.0817717
1952,Ill.,294.5399732
1952,Ind.,179.1224687
1952,Kan.,326.0748609
1952,Ky.,362.9794521
1952,La.,23.9268121
1952,Mass.,940.0645161
1952,Md.,348.04
1952,Maine,987.704918
1952,Mich.,407.4736842
1952,Minn.,96.96369637
1952,Mo.,60.93907351
1952,Miss.,64.59107807
1952,Mont.,643.9368771
1952,N.C.,93.50206863
1952,N.D.,432.1546053
1952,Neb.,214.0350877
1952,N.H.,447.2897196
1952,N.J.,1282.682927
1952,N.M,210.6122449
1952,Nev.,285.359116
1952,N.Y.,500.5891259
1952,Ohio,248.0181269
1952,Okla.,91.97836863
1952,Ore.,209.7661188
1952,Pa.,358.4737694
1952,R.I.,665.7730673
1952,S.C.,81.70339761
1952,S.D.,115.2841782
1952,Tenn.,200.477327
1952,Texas,283.2812124
1952,Utah,652.4861878
1952,Va.,376.5268265
1952,Vt.,1397.333333
1952,Wash.,243.7908497
1952,Wis.,1140.833093
1952,W.Va.,269.9795606
1952,Wyo.,231.7406143
1953,Alaska,
1953,Ala.,93.97314117
1953,Ark.,727.3876404
1953,Ariz.,557.885906
1953,Calif.,438.9111093
1953,Colo.,683.9622642
1953,Conn.,100
1953,D.C.,44.07407407
1953,Del.,115.954416
1953,Fla.,38.54984894
1953,Ga.,86.50927487
1953,Hawaii,
1953,Iowa,413.7694941
1953,Idaho,324.3288591
1953,Ill.,173.6955323
1953,Ind.,162.577714
1953,Kan.,750.8776329
1953,Ky.,134.550465
1953,La.,155.931612
1953,Mass.,68.26883063
1953,Md.,79.47019868
1953,Maine,181.5443593
1953,Mich.,323.0211082
1953,Minn.,136.2459016
1953,Mo.,218.880597
1953,Miss.,115.415677
1953,Mont.,505.275974
1953,N.C.,115.4490291
1953,N.D.,254.4334975
1953,Neb.,183.7253414
1953,N.H.,50.73126143
1953,N.J.,81.1914324
1953,N.M,662.8968254
1953,Nev.,102.3076923
1953,N.Y.,74.16435886
1953,Ohio,314.9575137
1953,Okla.,173.0980752
1953,Ore.,558.1511555
1953,Pa.,146.1827049
1953,R.I.,61.96319018
1953,S.C.,89.36267767
1953,S.D.,68.82716049
1953,Tenn.,84.76950889
1953,Texas,885.790547
1953,Utah,775.3721245
1953,Va.,138.9654203
1953,Vt.,148.944591
1953,Wash.,473.1143552
1953,Wis.,1166.871078
1953,W.Va.,309.5904614
1953,Wyo.,497.5862069
1954,Alaska,691.627907
1954,Ala.,280.3915063
1954,Ark.,151.0380623
1954,Ariz.,531.511254
1954,Calif.,473.0346775
1954,Colo.,127.6624246
1954,Conn.,223.4771009
1954,D.C.,383.312263
1954,Del.,527.7173913
1954,Fla.,312.2681883
1954,Ga.,188.0344253
1954,Hawaii,99.8019802
1954,Iowa,477.1515613
1954,Idaho,734.1666667
1954,Ill.,358.7332469
1954,Ind.,517.0966229
1954,Kan.,66.35651322
1954,Ky.,1025.982081
1954,La.,105.0294832
1954,Mass.,475.0509165
1954,Md.,433.8175047
1954,Maine,626.7529666
1954,Mich.,568.596094
1954,Minn.,92.93286219
1954,Mo.,37.89965568
1954,Miss.,145.9302326
1954,Mont.,750
1954,N.C.,229.2907286
1954,N.D.,454.1734861
1954,Neb.,191.641791
1954,N.H.,168.2310469
1954,N.J.,445.8208955
1954,N.M,355.9633028
1954,Nev.,182.1596244
1954,N.Y.,548.3622107
1954,Ohio,322.2923476
1954,Okla.,152.1502943
1954,Ore.,244.3419434
1954,Pa.,351.8258297
1954,R.I.,223.6519608
1954,S.C.,254.8713235
1954,S.D.,123.5114504
1954,Tenn.,416.4036916
1954,Texas,906.1441183
1954,Utah,1043.866667
1954,Va.,673.5583685
1954,Vt.,760.2122016
1954,Wash.,857.4721781
1954,Wis.,289.578714
1954,W.Va.,512.0734908
1954,Wyo.,391.8088737
1955,Alaska,241.8918919
1955,Ala.,69.67213115
1955,Ark.,173.5652174
1955,Ariz.,1024.012158
1955,Calif.,513.469885
1955,Colo.,317.076326
1955,Conn.,1256.608696
1955,D.C.,57.70700637
1955,Del.,26.99228792
1955,Fla.,38.08380037
1955,Ga.,68.15181518
1955,Hawaii,1186.456401
1955,Iowa,286.6368048
1955,Idaho,113.7540453
1955,Ill.,144.663487
1955,Ind.,86.38551455
1955,Kan.,145.5327281
1955,Ky.,76.04810997
1955,La.,5.668703327
1955,Mass.,957.4969275
1955,Md.,83.51568198
1955,Maine,710.4925054
1955,Mich.,309.1283459
1955,Minn.,225.2837327
1955,Mo.,96.5408805
1955,Miss.,72.76699029
1955,Mont.,449.8427673
1955,N.C.,29.67939651
1955,N.D.,407.804878
1955,Neb.,12.08151383
1955,N.H.,831.4183124
1955,N.J.,937.0956016
1955,N.M,621.7834395
1955,Nev.,165.4008439
1955,N.Y.,241.400476
1955,Ohio,170.3005434
1955,Okla.,132.2666667
1955,Ore.,295.177818
1955,Pa.,170.4634793
1955,R.I.,657.2296476
1955,S.C.,53.31818182
1955,S.D.,63.65007541
1955,Tenn.,172.0644217
1955,Texas,455.7274827
1955,Utah,101.0217114
1955,Va.,120.122631
1955,Vt.,1894.933333
1955,Wash.,425.0384025
1955,Wis.,1389.045936
1955,W.Va.,204.2021277
1955,Wyo.,180.781759
1956,Alaska,1120.982143
1956,Ala.,231.7486161
1956,Ark.,506.8661972
1956,Ariz.,644.3494777
1956,Calif.,235.2074674
1956,Colo.,873.2307692
1956,Conn.,116.4507772
1956,D.C.,210.2766798
1956,Del.,212.254902
1956,Fla.,127.2300469
1956,Ga.,128.8840854
1956,Hawaii,922.0035778
1956,Iowa,307.3991861
1956,Idaho,317.5159236
1956,Ill.,442.0146905
1956,Ind.,368.2144459
1956,Kan.,200.7550731
1956,Ky.,610.3174603
1956,La.,69.65699208
1956,Mass.,72.00981394
1956,Md.,310.7790822
1956,Maine,115.3518124
1956,Mich.,540.1499933
1956,Minn.,40.74074074
1956,Mo.,124.9099207
1956,Miss.,107.7660594
1956,Mont.,1016.615854
1956,N.C.,178.8117893
1956,N.D.,362.4796085
1956,Neb.,178.5969936
1956,N.H.,35.33568905
1956,N.J.,340.3383793
1956,N.M,495.2853598
1956,Nev.,55.2
1956,N.Y.,308.5650447
1956,Ohio,477.3107418
1956,Okla.,440.4311483
1956,Ore.,135.041225
1956,Pa.,397.9584397
1956,R.I.,22.38095238
1956,S.C.,384.7465231
1956,S.D.,86.71641791
1956,Tenn.,617.0131772
1956,Texas,755.209513
1956,Utah,284.1779975
1956,Va.,634.4975819
1956,Vt.,340.8488064
1956,Wash.,481.3343328
1956,Wis.,715.7135222
1956,W.Va.,587.1297792
1956,Wyo.,640.7051282
1957,Alaska,414.7186147
1957,Ala.,299.7748472
1957,Ark.,78.36122331
1957,Ariz.,700.9777778
1957,Calif.,353.3581043
1957,Colo.,173.4975962
1957,Conn.,410.0042391
1957,D.C.,114.8099607
1957,Del.,78.16901408
1957,Fla.,120.3568161
1957,Ga.,155.6027616
1957,Hawaii,866.2671233
1957,Iowa,330.7805596
1957,Idaho,486.9158879
1957,Ill.,100.2482416
1957,Ind.,180.326783
1957,Kan.,0.610902256
1957,Ky.,557.7527322
1957,La.,34.67094703
1957,Mass.,222.0531548
1957,Md.,79.67281587
1957,Maine,478.8971368
1957,Mich.,234.8659004
1957,Minn.,229.3219304
1957,Mo.,102.2439723
1957,Miss.,61.44636015
1957,Mont.,528.6356822
1957,N.C.,43.63553114
1957,N.D.,629.248366
1957,Neb.,16.78622669
1957,N.H.,69.05594406
1957,N.J.,458.0617047
1957,N.M,747.3435655
1957,Nev.,592.3076923
1957,N.Y.,233.6325882
1957,Ohio,86.93942614
1957,Okla.,66.08238387
1957,Ore.,879.2640187
1957,Pa.,117.0896476
1957,R.I.,72.62044653
1957,S.C.,248.1970097
1957,S.D.,81.53153153
1957,Tenn.,455.9988352
1957,Texas,471.8522602
1957,Utah,1749.878935
1957,Va.,128.6680541
1957,Vt.,761.4361702
1957,Wash.,614.3538913
1957,Wis.,980.7702453
1957,W.Va.,185.0786761
1957,Wyo.,69.42675159
1958,Alaska,562.0535714
1958,Ala.,242.3016124
1958,Ark.,173.9281576
1958,Ariz.,825.2305113
1958,Calif.,235.7123656
1958,Colo.,566.0467906
1958,Conn.,645.625511
1958,D.C.,187.5825627
1958,Del.,118.9376443
1958,Fla.,266.6738661
1958,Ga.,175.1840168
1958,Hawaii,95.04132231
1958,Iowa,463.8109306
1958,Idaho,591.9504644
1958,Ill.,233.1074246
1958,Ind.,396.5306568
1958,Kan.,3.314659197
1958,Ky.,619.6555218
1958,La.,9.033280507
1958,Mass.,714.9500998
1958,Md.,210.8316566
1958,Maine,462.6059322
1958,Mich.,530.4160689
1958,Minn.,37.85089043
1958,Mo.,82.41758242
1958,Miss.,67.49760307
1958,Mont.,1065.465465
1958,N.C.,93.76142596
1958,N.D.,714.5214521
1958,Neb.,108.8214027
1958,N.H.,367.9862306
1958,N.J.,429.1001698
1958,N.M,912.1896163
1958,Nev.,73.60594796
1958,N.Y.,364.1768568
1958,Ohio,312.7929993
1958,Okla.,317.8650199
1958,Ore.,528.9871944
1958,Pa.,307.1803219
1958,R.I.,496.8531469
1958,S.C.,472.1788194
1958,S.D.,18.44512195
1958,Tenn.,793.5465284
1958,Texas,889.5265888
1958,Utah,458.816568
1958,Va.,550.1532959
1958,Vt.,549.2105263
1958,Wash.,384.2048323
1958,Wis.,1665.3656
1958,W.Va.,657.1815718
1958,Wyo.,433.3333333
1959,Alaska,816.5178571
1959,Ala.,108.2084894
1959,Ark.,46.46924829
1959,Ariz.,719.0325139
1959,Calif.,251.8329346
1959,Colo.,411.5204678
1959,Conn.,516.4486722
1959,D.C.,52.16819974
1959,Del.,139.6825397
1959,Fla.,74.70881864
1959,Ga.,11.50465357
1959,Hawaii,592.6045016
1959,Iowa,420.2271894
1959,Idaho,247.1841705
1959,Ill.,96.24474264
1959,Ind.,99.6097984
1959,Kan.,
1959,Ky.,221.6405468
1959,La.,2.119700748
1959,Mass.,123.2167286
1959,Md.,76.09262883
1959,Maine,270.4284222
1959,Mich.,147.6631904
1959,Minn.,80.03565062
1959,Mo.,84.66416158
1959,Miss.,66.46398503
1959,Mont.,625.5605381
1959,N.C.,73.12696276
1959,N.D.,899.5145631
1959,Neb.,29.34860415
1959,N.H.,76.51006711
1959,N.J.,502.1945137
1959,N.M,484.0043526
1959,Nev.,220.0716846
1959,N.Y.,140.1977824
1959,Ohio,124.3821735
1959,Okla.,29.18304937
1959,Ore.,447.5945017
1959,Pa.,247.534271
1959,R.I.,35.93932322
1959,S.C.,82.879046
1959,S.D.,129.0854573
1959,Tenn.,275.9795571
1959,Texas,360.6273259
1959,Utah,670.9195402
1959,Va.,349.3039737
1959,Vt.,525.5813953
1959,Wash.,512.4778447
1959,Wis.,384.7854022
1959,W.Va.,406.361186
1959,Wyo.,281.25
1960,Alaska,635.8078603
1960,Ala.,63.37813073
1960,Ark.,89.2118502
1960,Ariz.,325.8894777
1960,Calif.,140.0252048
1960,Colo.,384.7371396
1960,Conn.,434.6305031
1960,D.C.,158.1699346
1960,Del.,212.9175947
1960,Fla.,74.40047962
1960,Ga.,5.485338726
1960,Hawaii,828.9719626
1960,Iowa,64.00580552
1960,Idaho,421.9076006
1960,Ill.,224.6281975
1960,Ind.,223.0851519
1960,Kan.,
1960,Ky.,352.9759947
1960,La.,7.484662577
1960,Mass.,420.6007752
1960,Md.,104.4330228
1960,Maine,413.025641
1960,Mich.,451.6083738
1960,Minn.,126.2773723
1960,Mo.,17.36014794
1960,Miss.,76.30614115
1960,Mont.,313.9911635
1960,N.C.,27.0938115
1960,N.D.,390.5362776
1960,Neb.,14.82004234
1960,N.H.,186.3711002
1960,N.J.,175.2744552
1960,N.M,6.813417191
1960,Nev.,262.8865979
1960,N.Y.,277.2597696
1960,Ohio,191.1341689
1960,Okla.,51.71232877
1960,Ore.,624.9435666
1960,Pa.,59.73166211
1960,R.I.,227.8362573
1960,S.C.,53.67892977
1960,S.D.,17.56954612
1960,Tenn.,535.8881119
1960,Texas,516.1886949
1960,Utah,551.7777778
1960,Va.,185.549423
1960,Vt.,893.3161954
1960,Wash.,456.1471103
1960,Wis.,1090.131247
1960,W.Va.,190.3939557
1960,Wyo.,209.6676737
1961,Alaska,421.0084034
1961,Ala.,78.04583836
1961,Ark.,93.24473976
1961,Ariz.,559.2039801
1961,Calif.,223.3921319
1961,Colo.,210.3579176
1961,Conn.,261.7169374
1961,D.C.,47.0437018
1961,Del.,368.329718
1961,Fla.,127.6940683
1961,Ga.,10.2864259
1961,Hawaii,29.59028832
1961,Iowa,192.5253991
1961,Idaho,281.7251462
1961,Ill.,159.0128332
1961,Ind.,124.6934461
1961,Kan.,
1961,Ky.,368.6640472
1961,La.,1.247337998
1961,Mass.,416.4590918
1961,Md.,130.2581864
1961,Maine,279.0954774
1961,Mich.,349.4235398
1961,Minn.,20.57636888
1961,Mo.,102.1154288
1961,Miss.,68.90299184
1961,Mont.,326.1494253
1961,N.C.,110.7012653
1961,N.D.,439.0015601
1961,Neb.,44.19087137
1961,N.H.,234.6278317
1961,N.J.,293.5514765
1961,N.M,2.07253886
1961,Nev.,197.7777778
1961,N.Y.,207.2973448
1961,Ohio,208.7375685
1961,Okla.,25.12605042
1961,Ore.,322.0481253
1961,Pa.,226.1060393
1961,R.I.,766.0839161
1961,S.C.,136.6542134
1961,S.D.,21.78932179
1961,Tenn.,403.0922142
1961,Texas,164.0631365
1961,Utah,179.5940171
1961,Va.,285.9340659
1961,Vt.,295.8974359
1961,Wash.,301.3532269
1961,Wis.,932.9259167
1961,W.Va.,428.9934354
1961,Wyo.,143.620178
1962,Alaska,571.5447154
1962,Ala.,71.591935
1962,Ark.,77.60388559
1962,Ariz.,431.6791298
1962,Calif.,164.8313027
1962,Colo.,473.9863086
1962,Conn.,672.0816018
1962,D.C.,89.21319797
1962,Del.,129.424307
1962,Fla.,76.10846464
1962,Ga.,10.23005384
1962,Hawaii,387.2807018
1962,Iowa,393.6363636
1962,Idaho,234.1040462
1962,Ill.,163.3754864
1962,Ind.,161.7609797
1962,Kan.,
1962,Ky.,202.3059435
1962,La.,6.87593423
1962,Mass.,511.3053392
1962,Md.,96.65951578
1962,Maine,718.0080483
1962,Mich.,318.9587798
1962,Minn.,47.45231995
1962,Mo.,31.71907276
1962,Miss.,119.037004
1962,Mont.,1181.375358
1962,N.C.,19.26917357
1962,N.D.,583.2025118
1962,Neb.,8.128415301
1962,N.H.,163.6075949
1962,N.J.,510.1631117
1962,N.M,
1962,Nev.,191.4772727
1962,N.Y.,272.9553205
1962,Ohio,118.4711451
1962,Okla.,86.48537289
1962,Ore.,766.1716172
1962,Pa.,83.10876266
1962,R.I.,378.989667
1962,S.C.,38.38217086
1962,S.D.,64.25531915
1962,Tenn.,666.3218078
1962,Texas,665.6222023
1962,Utah,430.5845511
1962,Va.,231.1004785
1962,Vt.,518.3206107
1962,Wash.,704.0788579
1962,Wis.,365.349469
1962,W.Va.,551.1332228
1962,Wyo.,142.9429429
1963,Alaska,722.265625
1963,Ala.,34.6932698
1963,Ark.,77.49333333
1963,Ariz.,583.6949375
1963,Calif.,113.3574825
1963,Colo.,325.3099174
1963,Conn.,214.8514851
1963,D.C.,27.69423559
1963,Del.,248.6542443
1963,Fla.,66.70220327
1963,Ga.,4.793863854
1963,Hawaii,521.8475073
1963,Iowa,280.0509647
1963,Idaho,572.4743777
1963,Ill.,98.50990194
1963,Ind.,122.3379871
1963,Kan.,
1963,Ky.,284.8514212
1963,La.,4.234527687
1963,Mass.,84.11302395
1963,Md.,60.07088009
1963,Maine,48.53977845
1963,Mich.,516.6542566
1963,Minn.,76.74879637
1963,Mo.,64.02550091
1963,Miss.,29.90196078
1963,Mont.,482.3613087
1963,N.C.,30.55672712
1963,N.D.,677.9503106
1963,Neb.,15.85365854
1963,N.H.,6.471494607
1963,N.J.,160.6185883
1963,N.M,
1963,Nev.,67.7581864
1963,N.Y.,107.6627914
1963,Ohio,146.6653315
1963,Okla.,14.18614186
1963,Ore.,258.3378305
1963,Pa.,106.109944
1963,R.I.,139.6118721
1963,S.C.,95.77235772
1963,S.D.,12.57062147
1963,Tenn.,183.5664336
1963,Texas,164.356728
1963,Utah,316.2217659
1963,Va.,172.5210477
1963,Vt.,405.7934509
1963,Wash.,166.9373942
1963,Wis.,1413.107977
1963,W.Va.,696.2694878
1963,Wyo.,97.91666667
1964,Alaska,439.9239544
1964,Ala.,533.6671576
1964,Ark.,58.30258303
1964,Ariz.,405.5269923
1964,Calif.,179.8798964
1964,Colo.,164.4670051
1964,Conn.,189.0278771
1964,D.C.,43.10776942
1964,Del.,79.27565392
1964,Fla.,121.5706625
1964,Ga.,4.955378112
1964,Hawaii,123.1428571
1964,Iowa,819.8106336
1964,Idaho,336.1764706
1964,Ill.,149.3478261
1964,Ind.,458.8344316
1964,Kan.,
1964,Ky.,481.8152764
1964,La.,3.395240859
1964,Mass.,135.9581498
1964,Md.,89.49026346
1964,Maine,373.917422
1964,Mich.,354.5010382
1964,Minn.,9.696458685
1964,Mo.,24.17829806
1964,Miss.,261.4457831
1964,Mont.,579.6033994
1964,N.C.,26.34319034
1964,N.D.,813.2511556
1964,Neb.,54.65587045
1964,N.H.,134.6907994
1964,N.J.,176.3363363
1964,N.M,111.1332008
1964,Nev.,233.8028169
1964,N.Y.,156.9105691
1964,Ohio,191.1309524
1964,Okla.,42.43663123
1964,Ore.,453.0190678
1964,Pa.,101.8838441
1964,R.I.,279.3220339
1964,S.C.,161.6565657
1964,S.D.,9.843081312
1964,Tenn.,629.3821268
1964,Texas,383.1840312
1964,Utah,260.7361963
1964,Va.,274.7991737
1964,Vt.,596.7418546
1964,Wash.,674.7044917
1964,Wis.,370.3481393
1964,W.Va.,518.6978297
1964,Wyo.,84.36578171
1965,Alaska,79.33579336
1965,Ala.,68.13825152
1965,Ark.,63.09398099
1965,Ariz.,100.5681818
1965,Calif.,74.59779392
1965,Colo.,302.720403
1965,Conn.,322.7861393
1965,D.C.,19.69887077
1965,Del.,102.3668639
1965,Fla.,62.27746053
1965,Ga.,15.12003693
1965,Hawaii,575.8522727
1965,Iowa,339.4967177
1965,Idaho,454.664723
1965,Ill.,42.69148041
1965,Ind.,48.06989029
1965,Kan.,
1965,Ky.,121.0828025
1965,La.,3.832951945
1965,Mass.,354.5074518
1965,Md.,35.52777778
1965,Maine,295.7873621
1965,Mich.,336.974991
1965,Minn.,26.44766147
1965,Mo.,60.17461383
1965,Miss.,51.20213713
1965,Mont.,556.3739377
1965,N.C.,8.616080609
1965,N.D.,623.2665639
1965,Neb.,31.9510537
1965,N.H.,55.0295858
1965,N.J.,61.17925225
1965,N.M,68.5770751
1965,Nev.,50.67567568
1965,N.Y.,52.41908199
1965,Ohio,90.9420645
1965,Okla.,10
1965,Ore.,181.724316
1965,Pa.,57.17728055
1965,R.I.,444.7928331
1965,S.C.,50.60144346
1965,S.D.,16.76300578
1965,Tenn.,238.0989995
1965,Texas,284.341877
1965,Utah,444.8692153
1965,Va.,93.33484471
1965,Vt.,360.6435644
1965,Wash.,255.7128413
1965,Wis.,482.2069943
1965,W.Va.,832.6987682
1965,Wyo.,226.2048193
1966,Alaska,236.5313653
1966,Ala.,52.33833718
1966,Ark.,72.51184834
1966,Ariz.,336.9268897
1966,Calif.,80.58648849
1966,Colo.,71.99800698
1966,Conn.,32.51808474
1966,D.C.,49.30467762
1966,Del.,51.1627907
1966,Fla.,64.40039318
1966,Ga.,5.572048413
1966,Hawaii,20.42253521
1966,Iowa,197.429399
1966,Idaho,246.8795356
1966,Ill.,106.3215209
1966,Ind.,116.3632727
1966,Kan.,
1966,Ky.,154.1785828
1966,La.,3.014084507
1966,Mass.,15.01355014
1966,Md.,57.72665765
1966,Maine,29.72972973
1966,Mich.,176.0338346
1966,Minn.,46.53027371
1966,Mo.,12.5580367
1966,Miss.,57.0155902
1966,Mont.,272.7015559
1966,N.C.,15.89052288
1966,N.D.,212.6738794
1966,Neb.,11.60714286
1966,N.H.,11.60058737
1966,N.J.,29.41176471
1966,N.M,126.3157895
1966,Nev.,14.34977578
1966,N.Y.,61.05475537
1966,Ohio,62.95256534
1966,Okla.,25.26487368
1966,Ore.,126.9172169
1966,Pa.,47.14506173
1966,R.I.,9.78865406
1966,S.C.,26.30952381
1966,S.D.,5.856515373
1966,Tenn.,332.7577185
1966,Texas,239.973313
1966,Utah,68.18632309
1966,Va.,50.62836625
1966,Vt.,79.17675545
1966,Wash.,166.6993785
1966,Wis.,736.0552176
1966,W.Va.,313.4647887
1966,Wyo.,72.75541796
1967,Alaska,53.23741007
1967,Ala.,38.92423366
1967,Ark.,66.75433982
1967,Ariz.,62.08991495
1967,Calif.,27.43012098
1967,Colo.,79.63955188
1967,Conn.,3.611584327
1967,D.C.,3.413400759
1967,Del.,10.66666667
1967,Fla.,28.93303428
1967,Ga.,0.952813067
1967,Hawaii,24.4813278
1967,Iowa,29.57393484
1967,Idaho,60.02906977
1967,Ill.,11.93020919
1967,Ind.,13.41777162
1967,Kan.,4.415111516
1967,Ky.,46.84741488
1967,La.,4.440100531
1967,Mass.,7.436539149
1967,Md.,4.844290657
1967,Maine,24.60159363
1967,Mich.,13.33719583
1967,Minn.,3.744192402
1967,Mo.,7.490636704
1967,Miss.,30.43087971
1967,Mont.,48.93009986
1967,N.C.,19.04281099
1967,N.D.,143.1309904
1967,Neb.,36.51338367
1967,N.H.,3.87374462
1967,N.J.,8.833718245
1967,N.M,61.2
1967,Nev.,59.91091314
1967,N.Y.,6.71870644
1967,Ohio,11.71499904
1967,Okla.,32.38248292
1967,Ore.,86.7609904
1967,Pa.,6.780241418
1967,R.I.,6.820682068
1967,S.C.,20.41058034
1967,S.D.,8.643815201
1967,Tenn.,53.5890127
1967,Texas,125.3231437
1967,Utah,37.78213935
1967,Va.,52.04081633
1967,Vt.,9.929078014
1967,Wash.,178.9224953
1967,Wis.,49.52358819
1967,W.Va.,84.56755229
1967,Wyo.,64.28571429
1968,Alaska,3.859649123
1968,Ala.,4.61404527
1968,Ark.,0.157728707
1968,Ariz.,14.56599287
1968,Calif.,8.497473445
1968,Colo.,23.53773585
1968,Conn.,23.85290148
1968,D.C.,0.771208226
1968,Del.,4.494382022
1968,Fla.,8.907197264
1968,Ga.,0.089245872
1968,Hawaii,5.040871935
1968,Iowa,6.528719229
1968,Idaho,3.021582734
1968,Ill.,13.48794907
1968,Ind.,15.49185156
1968,Kan.,0.94765343
1968,Ky.,4.41314554
1968,La.,0.777130169
1968,Mass.,9.825560698
1968,Md.,2.726081258
1968,Maine,3.521126761
1968,Mich.,4.036338546
1968,Minn.,0.513097489
1968,Mo.,0.700525394
1968,Miss.,10.86074808
1968,Mont.,9.714285714
1968,N.C.,6.474820144
1968,N.D.,22.86634461
1968,Neb.,4.567143831
1968,N.H.,21.01551481
1968,N.J.,9.735902926
1968,N.M,17.70623742
1968,Nev.,1.724137931
1968,N.Y.,21.04592543
1968,Ohio,3.17611259
1968,Okla.,4.954055134
1968,Ore.,30.63872255
1968,Pa.,2.512562814
1968,R.I.,7.26681128
1968,S.C.,1.484955061
1968,S.D.,0.597907324
1968,Tenn.,1.676121712
1968,Texas,47.56446991
1968,Utah,2.040816327
1968,Va.,9.499780606
1968,Vt.,1.860465116
1968,Wash.,18.28746177
1968,Wis.,31.85270426
1968,W.Va.,20.53318208
1968,Wyo.,16.97530864
1969,Alaska,6.756756757
1969,Ala.,0.348837209
1969,Ark.,1.515943544
1969,Ariz.,31.20322395
1969,Calif.,4.555831769
1969,Colo.,6.417359187
1969,Conn.,21.4
1969,D.C.,5.905511811
1969,Del.,93.7037037
1969,Fla.,9.200421623
1969,Ga.,0.043946385
1969,Hawaii,7.066666667
1969,Iowa,9.946524064
1969,Idaho,12.72984441
1969,Ill.,10.14584654
1969,Ind.,10.49970834
1969,Kan.,0.402504472
1969,Ky.,2.220137586
1969,La.,3.426360873
1969,Mass.,6.566371681
1969,Md.,2.559462254
1969,Maine,0.806451613
1969,Mich.,4.43001936
1969,Minn.,0.71846727
1969,Mo.,1.594827586
1969,Miss.,1.036036036
1969,Mont.,17.14697406
1969,N.C.,7.414032995
1969,N.D.,13.04347826
1969,Neb.,44.84396201
1969,N.H.,27.0718232
1969,N.J.,13.46018323
1969,N.M,28.28882295
1969,Nev.,0.208333333
1969,N.Y.,30.48881524
1969,Ohio,5.348859226
1969,Okla.,5.601577909
1969,Ore.,9.796314258
1969,Pa.,10.65496976
1969,R.I.,2.896995708
1969,S.C.,5.291828794
1969,S.D.,7.634730539
1969,Tenn.,0.487554529
1969,Texas,44.88003622
1969,Utah,1.050620821
1969,Va.,20.24273949
1969,Vt.,0.686498856
1969,Wash.,1.675142088
1969,Wis.,15.32663317
1969,W.Va.,13.860252
1969,Wyo.,2.431610942
1970,Alaska,33.59639948
1970,Ala.,13.92591983
1970,Ark.,1.673163272
1970,Ariz.,53.0642774
1970,Calif.,9.579307202
1970,Colo.,10.41881917
1970,Conn.,3.789687998
1970,D.C.,46.01343592
1970,Del.,47.45815537
1970,Fla.,20.18634582
1970,Ga.,0.382039881
1970,Hawaii,23.95078114
1970,Iowa,31.34966625
1970,Idaho,13.26559757
1970,Ill.,29.39549455
1970,Ind.,5.4631328
1970,Kan.,3.3828897
1970,Ky.,32.44338402
1970,La.,8.327747813
1970,Mass.,15.77320055
1970,Md.,34.64130817
1970,Maine,41.46190134
1970,Mich.,20.26924782
1970,Minn.,1.271575919
1970,Mo.,16.48410712
1970,Miss.,6.091553399
1970,Mont.,16.03795086
1970,N.C.,19.46755002
1970,N.D.,51.21577637
1970,Neb.,52.30612174
1970,N.H.,8.400592767
1970,N.J.,23.48543978
1970,N.M,28.6599028
1970,Nev.,4.03832175
1970,N.Y.,8.541243803
1970,Ohio,37.67180776
1970,Okla.,30.62704093
1970,Ore.,21.15273577
1970,Pa.,17.65042401
1970,R.I.,11.42136855
1970,S.C.,23.96452049
1970,S.D.,15.79032827
1970,Tenn.,13.60372014
1970,Texas,72.34674168
1970,Utah,3.541616721
1970,Va.,51.90663205
1970,Vt.,1.980991288
1970,Wash.,19.66612261
1970,Wis.,31.01640351
1970,W.Va.,19.71019797
1970,Wyo.,3.232584451
1971,Alaska,19.4166379
1971,Ala.,55.23535062
1971,Ark.,21.89595163
1971,Ariz.,25.34493258
1971,Calif.,13.9127265
1971,Colo.,37.17844698
1971,Conn.,38.90899694
1971,D.C.,2.155634087
1971,Del.,7.330956009
1971,Fla.,30.83287503
1971,Ga.,23.5991758
1971,Hawaii,59.03437153
1971,Iowa,94.81566011
1971,Idaho,35.89972708
1971,Ill.,29.04385978
1971,Ind.,58.19967619
1971,Kan.,62.44529389
1971,Ky.,111.4299487
1971,La.,42.18897791
1971,Mass.,8.089853622
1971,Md.,13.64919937
1971,Maine,120.2755121
1971,Mich.,28.85165751
1971,Minn.,2.04147713
1971,Mo.,42.82610249
1971,Miss.,66.83666238
1971,Mont.,112.9767424
1971,N.C.,35.84127972
1971,N.D.,36.12630898
1971,Neb.,4.871584377
1971,N.H.,26.62887415
1971,N.J.,17.39594674
1971,N.M,37.26718439
1971,Nev.,1.280201321
1971,N.Y.,23.90481695
1971,Ohio,37.0708346
1971,Okla.,25.05034518
1971,Ore.,15.92866144
1971,Pa.,15.57745805
1971,R.I.,24.72327373
1971,S.C.,32.803802
1971,S.D.,31.30380341
1971,Tenn.,24.73983487
1971,Texas,77.39506298
1971,Utah,30.03217229
1971,Va.,32.39732762
1971,Vt.,26.55767225
1971,Wash.,33.12175435
1971,Wis.,87.55307155
1971,W.Va.,31.9862398
1971,Wyo.,24.47134693
1972,Alaska,3.932922494
1972,Ala.,3.99465889
1972,Ark.,0.631295963
1972,Ariz.,40.85786453
1972,Calif.,15.43936938
1972,Colo.,20.9145676
1972,Conn.,50.06822448
1972,D.C.,0.273415285
1972,Del.,9.692622703
1972,Fla.,17.6403036
1972,Ga.,3.584248369
1972,Hawaii,11.27296426
1972,Iowa,33.34829059
1972,Idaho,14.06516519
1972,Ill.,40.20844756
1972,Ind.,23.80918038
1972,Kan.,1.721396026
1972,Ky.,14.3873197
1972,La.,3.246774673
1972,Mass.,21.96786396
1972,Md.,0.317229929
1972,Maine,20.94381034
1972,Mich.,25.74368063
1972,Minn.,0.668495258
1972,Mo.,3.742698862
1972,Miss.,9.023019766
1972,Mont.,2.3390268
1972,N.C.,0.68647525
1972,N.D.,9.483542103
1972,Neb.,1.569071508
1972,N.H.,99.00730507
1972,N.J.,5.659284096
1972,N.M,12.12089416
1972,Nev.,0.175749704
1972,N.Y.,3.603442426
1972,Ohio,2.767635457
1972,Okla.,0.482208187
1972,Ore.,9.010085944
1972,Pa.,0.563473764
1972,R.I.,52.26812935
1972,S.C.,7.599208386
1972,S.D.,1.768046971
1972,Tenn.,4.701739716
1972,Texas,13.16189809
1972,Utah,13.67474616
1972,Va.,1.571014337
1972,Vt.,17.07832547
1972,Wash.,28.37199917
1972,Wis.,76.36634983
1972,W.Va.,15.44542616
1972,Wyo.,14.40429756
1973,Alaska,1.466004814
1973,Ala.,0.413622064
1973,Ark.,3.66421862
1973,Ariz.,1.169487531
1973,Calif.,3.797133872
1973,Colo.,6.531817427
1973,Conn.,59.17281031
1973,D.C.,1.392860476
1973,Del.,1.719932991
1973,Fla.,4.735646112
1973,Ga.,1.020118538
1973,Hawaii,3.4563088
1973,Iowa,10.18297978
1973,Idaho,31.68356044
1973,Ill.,19.4900705
1973,Ind.,13.27889979
1973,Kan.,1.189689883
1973,Ky.,12.35249091
1973,La.,2.355953718
1973,Mass.,69.160246
1973,Md.,0.339903589
1973,Maine,5.382232966
1973,Mich.,46.65749091
1973,Minn.,0.614765909
1973,Mo.,1.167656742
1973,Miss.,2.733081385
1973,Mont.,48.61362893
1973,N.C.,0.109670949
1973,N.D.,11.1888729
1973,Neb.,0.389815169
1973,N.H.,90.32814733
1973,N.J.,10.09217841
1973,N.M,13.96612243
1973,Nev.,0.167554145
1973,N.Y.,9.817296892
1973,Ohio,3.743349633
1973,Okla.,2.413367423
1973,Ore.,19.51848852
1973,Pa.,3.403284878
1973,R.I.,68.06120248
1973,S.C.,2.777046411
1973,S.D.,0.441445882
1973,Tenn.,3.915975972
1973,Texas,4.075434998
1973,Utah,10.74578228
1973,Va.,8.750632912
1973,Vt.,25.58128718
1973,Wash.,25.01446501
1973,Wis.,29.93984313
1973,W.Va.,12.44872475
1973,Wyo.,19.69898851
1974,Alaska,0.265837254
1974,Ala.,0.570836144
1974,Ark.,0.648290412
1974,Ariz.,0.919098741
1974,Calif.,5.121217072
1974,Colo.,6.109368523
1974,Conn.,5.644768856
1974,D.C.,0.141468528
1974,Del.,2.727633829
1974,Fla.,2.676552066
1974,Ga.,0.059240829
1974,Hawaii,7.10932563
1974,Iowa,4.616697798
1974,Idaho,6.490525035
1974,Ill.,18.75706877
1974,Ind.,4.808260368
1974,Kan.,8.243524229
1974,Ky.,5.479027006
1974,La.,0.360257986
1974,Mass.,7.103461835
1974,Md.,0.579836757
1974,Maine,3.451508636
1974,Mich.,25.09413591
1974,Minn.,2.161466644
1974,Mo.,5.511294202
1974,Miss.,0.625143523
1974,Mont.,46.24382525
1974,N.C.,0.108162911
1974,N.D.,5.791330535
1974,Neb.,6.091566615
1974,N.H.,20.2762641
1974,N.J.,75.02284415
1974,N.M,5.345085625
1974,Nev.,26.77540276
1974,N.Y.,7.865143887
1974,Ohio,27.40838918
1974,Okla.,1.045164439
1974,Ore.,1.030192805
1974,Pa.,7.735533775
1974,R.I.,6.576239833
1974,S.C.,1.998602357
1974,S.D.,4.111347024
1974,Tenn.,1.30976811
1974,Texas,1.424156543
1974,Utah,1.213562778
1974,Va.,0.851924607
1974,Vt.,11.88210451
1974,Wash.,2.181513523
1974,Wis.,13.91137689
1974,W.Va.,12.70185914
1974,Wyo.,4.453817839
1975,Alaska,
1975,Ala.,0.133863827
1975,Ark.,0.092159061
1975,Ariz.,3.537700162
1975,Calif.,23.78292142
1975,Colo.,44.44771998
1975,Conn.,4.183781522
1975,D.C.,0.288894185
1975,Del.,5.930534799
1975,Fla.,0.946076086
1975,Ga.,0.779299924
1975,Hawaii,7.188746625
1975,Iowa,24.11230547
1975,Idaho,2.333768581
1975,Ill.,16.45970374
1975,Ind.,9.630572
1975,Kan.,93.30721716
1975,Ky.,4.476862977
1975,La.,0.075937736
1975,Mass.,2.733442996
1975,Md.,1.541968405
1975,Maine,1.470031569
1975,Mich.,35.26046353
1975,Minn.,5.826447532
1975,Mo.,5.434974661
1975,Miss.,1.481630254
1975,Mont.,6.99839037
1975,N.C.,0.053495351
1975,N.D.,131.9300028
1975,Neb.,25.53338006
1975,N.H.,2.366169456
1975,N.J.,6.539736735
1975,N.M,9.081010178
1975,Nev.,4.327833378
1975,N.Y.,6.80581483
1975,Ohio,1.060202581
1975,Okla.,9.586761072
1975,Ore.,8.451549913
1975,Pa.,4.740540311
1975,R.I.,0.528491506
1975,S.C.,0.577512937
1975,S.D.,51.86555748
1975,Tenn.,4.094845831
1975,Texas,2.177604324
1975,Utah,27.84470966
1975,Va.,0.83953827
1975,Vt.,15.25999736
1975,Wash.,8.122135255
1975,Wis.,32.02851931
1975,W.Va.,11.70522207
1975,Wyo.,0.755758883
1976,Alaska,2.726578689
1976,Ala.,
1976,Ark.,0.905382954
1976,Ariz.,10.01980458
1976,Calif.,10.39709568
1976,Colo.,16.69052794
1976,Conn.,7.680536354
1976,D.C.,1.919589857
1976,Del.,18.75541753
1976,Fla.,3.805251088
1976,Ga.,0.095791001
1976,Hawaii,1.197919106
1976,Iowa,1.441529009
1976,Idaho,224.3429028
1976,Ill.,17.84598284
1976,Ind.,79.93529977
1976,Kan.,32.18929893
1976,Ky.,21.88212586
1976,La.,7.821726414
1976,Mass.,0.749364043
1976,Md.,19.88202691
1976,Maine,0.906143472
1976,Mich.,65.65181314
1976,Minn.,10.77866046
1976,Mo.,4.811673366
1976,Miss.,0.73194505
1976,Mont.,65.84817515
1976,N.C.,0.33417716
1976,N.D.,0.461702544
1976,Neb.,3.532792666
1976,N.H.,1.149738492
1976,N.J.,8.531901064
1976,N.M,1.316092521
1976,Nev.,12.38329847
1976,N.Y.,17.36411109
1976,Ohio,6.740074683
1976,Okla.,10.06963729
1976,Ore.,7.152570041
1976,Pa.,28.49433783
1976,R.I.,2.209991265
1976,S.C.,0.167130118
1976,S.D.,0.726237509
1976,Tenn.,4.793212449
1976,Texas,1.985894088
1976,Utah,166.5009488
1976,Va.,16.48337259
1976,Vt.,34.35441149
1976,Wash.,10.24880497
1976,Wis.,88.53318071
1976,W.Va.,11.11059867
1976,Wyo.,0.967693551
1977,Alaska,15.07043576
1977,Ala.,2.061674873
1977,Ark.,2.050708676
1977,Ariz.,8.666903085
1977,Calif.,34.76096777
1977,Colo.,15.68628585
1977,Conn.,25.03536164
1977,D.C.,2.105098549
1977,Del.,1.176913662
1977,Fla.,3.306953876
1977,Ga.,14.38889404
1977,Hawaii,4.723138225
1977,Iowa,123.7462171
1977,Idaho,18.55735761
1977,Ill.,16.55193782
1977,Ind.,71.18551486
1977,Kan.,61.22474319
1977,Ky.,33.0196101
1977,La.,2.236653141
1977,Mass.,12.28979011
1977,Md.,8.485508783
1977,Maine,15.89488185
1977,Mich.,13.4848365
1977,Minn.,68.08886219
1977,Mo.,18.59124199
1977,Miss.,2.090186734
1977,Mont.,119.6445942
1977,N.C.,0.902857405
1977,N.D.,4.759704039
1977,Neb.,13.68387937
1977,N.H.,29.05150754
1977,N.J.,2.666374998
1977,N.M,1.938557422
1977,Nev.,10.8418261
1977,N.Y.,26.1869104
1977,Ohio,17.29411321
1977,Okla.,1.782448096
1977,Ore.,12.74670432
1977,Pa.,27.07208346
1977,R.I.,6.72398867
1977,S.C.,3.31760591
1977,S.D.,10.60152778
1977,Tenn.,15.7590396
1977,Texas,13.99214795
1977,Utah,1.755014589
1977,Va.,50.77567625
1977,Vt.,47.17842882
1977,Wash.,12.36798589
1977,Wis.,45.34978524
1977,W.Va.,13.88170397
1977,Wyo.,5.775272593
1978,Alaska,0.496582273
1978,Ala.,3.414162775
1978,Ark.,0.968594213
1978,Ariz.,2.504201177
1978,Calif.,2.777672671
1978,Colo.,1.754857621
1978,Conn.,17.05472078
1978,D.C.,0.307684734
1978,Del.,1.848789211
1978,Fla.,11.60599986
1978,Ga.,1.036771316
1978,Hawaii,2.202860362
1978,Iowa,2.983806164
1978,Idaho,0.428896011
1978,Ill.,6.949296546
1978,Ind.,3.980968426
1978,Kan.,4.466363181
1978,Ky.,3.349988083
1978,La.,21.21969758
1978,Mass.,5.48933118
1978,Md.,1.216846887
1978,Maine,117.7662189
1978,Mich.,82.21216999
1978,Minn.,2.123291121
1978,Mo.,3.542035205
1978,Miss.,31.19180206
1978,Mont.,13.84469805
1978,N.C.,2.146478805
1978,N.D.,27.41631133
1978,Neb.,0.510417624
1978,N.H.,7.150132992
1978,N.J.,1.031695869
1978,N.M,
1978,Nev.,2.613125468
1978,N.Y.,10.46415464
1978,Ohio,4.639620059
1978,Okla.,0.941078409
1978,Ore.,20.5563189
1978,Pa.,2.750678732
1978,R.I.,0.841766784
1978,S.C.,6.471932684
1978,S.D.,
1978,Tenn.,22.27839086
1978,Texas,7.538681102
1978,Utah,3.238893763
1978,Va.,49.88747999
1978,Vt.,10.48732419
1978,Wash.,10.67793168
1978,Wis.,33.2492599
1978,W.Va.,45.56814987
1978,Wyo.,
1979,Alaska,4.479272168
1979,Ala.,3.312884192
1979,Ark.,0.481098304
1979,Ariz.,3.237418674
1979,Calif.,4.115278152
1979,Colo.,2.525983023
1979,Conn.,0.128717689
1979,D.C.,0.156658045
1979,Del.,0.168254428
1979,Fla.,6.227989137
1979,Ga.,10.1590579
1979,Hawaii,7.981830451
1979,Iowa,0.549109619
1979,Idaho,2.330668955
1979,Ill.,11.5258209
1979,Ind.,3.642838616
1979,Kan.,3.173019687
1979,Ky.,1.638996311
1979,La.,6.181792244
1979,Mass.,0.470626213
1979,Md.,0.403132577
1979,Maine,1.867230985
1979,Mich.,9.447124069
1979,Minn.,29.88245743
1979,Mo.,9.742334573
1979,Miss.,1.071157382
1979,Mont.,7.88112217
1979,N.C.,1.955195089
1979,N.D.,2.604497815
1979,Neb.,4.267991655
1979,N.H.,3.15008527
1979,N.J.,0.678902942
1979,N.M,3.146840802
1979,Nev.,2.62338334
1979,N.Y.,8.901888544
1979,Ohio,3.019181061
1979,Okla.,0.859421741
1979,Ore.,2.77239229
1979,Pa.,0.531022906
1979,R.I.,10.87468353
1979,S.C.,3.363422619
1979,S.D.,0.28953281
1979,Tenn.,1.742494206
1979,Texas,4.554018566
1979,Utah,1.505779799
1979,Va.,5.984868009
1979,Vt.,23.26690859
1979,Wash.,25.14425883
1979,Wis.,13.74908702
1979,W.Va.,4.564935958
1979,Wyo.,0.42593338
1980,Alaska,1.433722589
1980,Ala.,0.561434885
1980,Ark.,0.784929014
1980,Ariz.,11.60098174
1980,Calif.,3.648202439
1980,Colo.,0.805937611
1980,Conn.,0.862940723
1980,D.C.,0.785061227
1980,Del.,0.671169093
1980,Fla.,3.993024863
1980,Ga.,15.2109828
1980,Hawaii,0.920061951
1980,Iowa,0.068776193
1980,Idaho,
1980,Ill.,2.962391263
1980,Ind.,2.007139944
1980,Kan.,3.10292182
1980,Ky.,1.716436982
1980,La.,0.443582908
1980,Mass.,1.005428447
1980,Md.,1.994413296
1980,Maine,4.236416768
1980,Mich.,3.0404091
1980,Minn.,26.89866645
1980,Mo.,1.013774355
1980,Miss.,3.899117618
1980,Mont.,0.251468576
1980,N.C.,2.19922161
1980,N.D.,0
1980,Neb.,4.941353107
1980,N.H.,26.6916928
1980,N.J.,8.93692207
1980,N.M,0.975428213
1980,Nev.,1.41567029
1980,N.Y.,10.98604977
1980,Ohio,3.522324586
1980,Okla.,22.67321757
1980,Ore.,0.074963024
1980,Pa.,9.503677805
1980,R.I.,0.209860726
1980,S.C.,5.032625568
1980,S.D.,
1980,Tenn.,3.868047293
1980,Texas,1.335926704
1980,Utah,2.969373878
1980,Va.,6.575929856
1980,Vt.,41.89342777
1980,Wash.,4.084300915
1980,Wis.,31.29269289
1980,W.Va.,1.791083882
1980,Wyo.,
1981,Alaska,
1981,Ala.,0
1981,Ark.,0.610219343
1981,Ariz.,0.380641145
1981,Calif.,1.398065569
1981,Colo.,0.261304353
1981,Conn.,0.286714327
1981,D.C.,0.31537086
1981,Del.,
1981,Fla.,2.86494451
1981,Ga.,1.946974331
1981,Hawaii,0.805007144
1981,Iowa,0.034623773
1981,Idaho,0.205397645
1981,Ill.,0.245110655
1981,Ind.,0.329192699
1981,Kan.,0.041645809
1981,Ky.,0.027148498
1981,La.,0.091898926
1981,Mass.,1.056968524
1981,Md.,0.116742701
1981,Maine,0.43987599
1981,Mich.,0.383974106
1981,Minn.,0.193636617
1981,Mo.,0.020286235
1981,Miss.,
1981,Mont.,
1981,N.C.,0.09968266
1981,N.D.,
1981,Neb.,0.252879667
1981,N.H.,0.949648577
1981,N.J.,0.793974621
1981,N.M,1.099849467
1981,Nev.,1.588135268
1981,N.Y.,1.984111418
1981,Ohio,0.18592394
1981,Okla.,0.249522554
1981,Ore.,0.187622752
1981,Pa.,4.330887943
1981,R.I.,
1981,S.C.,0
1981,S.D.,
1981,Tenn.,0.086094806
1981,Texas,6.026840967
1981,Utah,
1981,Va.,0.236674196
1981,Vt.,0.385275539
1981,Wash.,0.093533295
1981,Wis.,0.126880206
1981,W.Va.,0.615509611
1981,Wyo.,0.197472354
1982,Alaska,0.204743078
1982,Ala.,0.050837523
1982,Ark.,
1982,Ariz.,0.538915601
1982,Calif.,3.154570898
1982,Colo.,0.223383105
1982,Conn.,0.252976106
1982,D.C.,0.158119516
1982,Del.,
1982,Fla.,1.990725267
1982,Ga.,
1982,Hawaii,0.493721346
1982,Iowa,
1982,Idaho,
1982,Ill.,0.219128748
1982,Ind.,0.055041882
1982,Kan.,1.821545656
1982,Ky.,0.054134759
1982,La.,0.341272391
1982,Mass.,0.086215711
1982,Md.,0.115919799
1982,Maine,
1982,Mich.,0.618938136
1982,Minn.,
1982,Mo.,0.040455259
1982,Miss.,0.155780407
1982,Mont.,
1982,N.C.,0.032910673
1982,N.D.,
1982,Neb.,0.189358913
1982,N.H.,0.521847675
1982,N.J.,0.080345109
1982,N.M,
1982,Nev.,
1982,N.Y.,1.02900988
1982,Ohio,0.027939121
1982,Okla.,1.002916969
1982,Ore.,0.716152557
1982,Pa.,0.059132994
1982,R.I.,
1982,S.C.,
1982,S.D.,
1982,Tenn.,0.1287623
1982,Texas,1.110992887
1982,Utah,0.188094496
1982,Va.,0.143764476
1982,Vt.,0.382188488
1982,Wash.,0.860411891
1982,Wis.,0.021179988
1982,W.Va.,0.102824539
1982,Wyo.,0
1983,Alaska,
1983,Ala.,0.025304796
1983,Ark.,0.043107759
1983,Ariz.,
1983,Calif.,0.603612551
1983,Colo.,
1983,Conn.,0
1983,D.C.,
1983,Del.,
1983,Fla.,1.458343241
1983,Ga.,0.137104766
1983,Hawaii,0.097283646
1983,Iowa,
1983,Idaho,0.10092457
1983,Ill.,1.708707891
1983,Ind.,6.796960678
1983,Kan.,
1983,Ky.,
1983,La.,0.090899237
1983,Mass.,0.136968172
1983,Md.,0.183265857
1983,Maine,
1983,Mich.,0.033151179
1983,Minn.,0
1983,Mo.,0.040198759
1983,Miss.,0.077577984
1983,Mont.,
1983,N.C.,
1983,N.D.,
1983,Neb.,
1983,N.H.,
1983,N.J.,0.359258825
1983,N.M,
1983,Nev.,0.21623445
1983,N.Y.,0.174690364
1983,Ohio,0.819538849
1983,Okla.,0.030436462
1983,Ore.,0.375011063
1983,Pa.,
1983,R.I.,
1983,S.C.,
1983,S.D.,
1983,Tenn.,0.021336806
1983,Texas,0.23114763
1983,Utah,0.616392844
1983,Va.,0.372085112
1983,Vt.,
1983,Wash.,0.713684509
1983,Wis.,
1983,W.Va.,0.051875373
1983,Wyo.,
1984,Alaska,
1984,Ala.,0
1984,Ark.,0.386756429
1984,Ariz.,
1984,Calif.,1.179980764
1984,Colo.,
1984,Conn.,0.31238959
1984,D.C.,
1984,Del.,
1984,Fla.,0.140955279
1984,Ga.,0.050313107
1984,Hawaii,16.63944722
1984,Iowa,
1984,Idaho,
1984,Ill.,1.342128103
1984,Ind.,0.036635331
1984,Kan.,
1984,Ky.,0.027064874
1984,La.,0.181483345
1984,Mass.,1.445398048
1984,Md.,0.294579444
1984,Maine,
1984,Mich.,3.294296471
1984,Minn.,1.075448187
1984,Mo.,0.119993568
1984,Miss.,
1984,Mont.,
1984,N.C.,
1984,N.D.,
1984,Neb.,
1984,N.H.,3.310750005
1984,N.J.,0.079307089
1984,N.M,5.075221033
1984,Nev.,
1984,N.Y.,0.820608653
1984,Ohio,0.093153879
1984,Okla.,0.275117292
1984,Ore.,
1984,Pa.,0.042477773
1984,R.I.,
1984,S.C.,
1984,S.D.,
1984,Tenn.,
1984,Texas,3.336870129
1984,Utah,1.704292992
1984,Va.,0.069989377
1984,Vt.,0.754667145
1984,Wash.,3.909003845
1984,Wis.,0.674001062
1984,W.Va.,
1984,Wyo.,
1985,Alaska,
1985,Ala.,
1985,Ark.,
1985,Ariz.,7.496383297
1985,Calif.,0.955640673
1985,Colo.,0.277996571
1985,Conn.,0.186119228
1985,D.C.,4.386865099
1985,Del.,
1985,Fla.,0.968501835
1985,Ga.,0.131478047
1985,Hawaii,2.281885065
1985,Iowa,
1985,Idaho,6.261209585
1985,Ill.,2.406198437
1985,Ind.,0.055004411
1985,Kan.,0.041107958
1985,Ky.,0.054232744
1985,La.,0.953046788
1985,Mass.,1.37225849
1985,Md.,2.562984223
1985,Maine,
1985,Mich.,0.766890069
1985,Minn.,
1985,Mo.,0.019908152
1985,Miss.,0.038556491
1985,Mont.,20.52255084
1985,N.C.,0.142369516
1985,N.D.,0.149362521
1985,Neb.,
1985,N.H.,
1985,N.J.,0.327991059
1985,N.M,0.273461455
1985,Nev.,
1985,N.Y.,0.93083665
1985,Ohio,0
1985,Okla.,
1985,Ore.,0.186321887
1985,Pa.,0.339479266
1985,R.I.,
1985,S.C.,0.029915417
1985,S.D.,
1985,Tenn.,
1985,Texas,2.55417616
1985,Utah,
1985,Va.,0.481786741
1985,Vt.,
1985,Wash.,1.998778275
1985,Wis.,1.219610154
1985,W.Va.,2.496878901
1985,Wyo.,1.008810955
1986,Alaska,
1986,Ala.,0.024904963
1986,Ark.,12.20993402
1986,Ariz.,7.448132919
1986,Calif.,1.544434459
1986,Colo.,0.153351654
1986,Conn.,0.277154096
1986,D.C.,
1986,Del.,0.156998934
1986,Fla.,3.334088226
1986,Ga.,1.497954326
1986,Hawaii,2.809204452
1986,Iowa,5.095751336
1986,Idaho,0.101523152
1986,Ill.,3.634391456
1986,Ind.,0.694316037
1986,Kan.,4.04847207
1986,Ky.,0.08144806
1986,La.,0.092077894
1986,Mass.,0.62339896
1986,Md.,0.766609638
1986,Maine,1.266278004
1986,Mich.,1.164628259
1986,Minn.,0.850031735
1986,Mo.,0.61304852
1986,Miss.,0.38631741
1986,Mont.,0.248427763
1986,N.C.,0.062463888
1986,N.D.,3.176351008
1986,Neb.,0
1986,N.H.,2.655818281
1986,N.J.,11.6155647
1986,N.M,2.570137705
1986,Nev.,0.293147387
1986,N.Y.,5.28853343
1986,Ohio,
1986,Okla.,0.996846849
1986,Ore.,0.259164136
1986,Pa.,0.228603051
1986,R.I.,0.202101042
1986,S.C.,7.543249443
1986,S.D.,
1986,Tenn.,1.212646566
1986,Texas,2.238025974
1986,Utah,0.774676885
1986,Va.,0.859704922
1986,Vt.,
1986,Wash.,4.722080204
1986,Wis.,5.839362283
1986,W.Va.,0.107666675
1986,Wyo.,
1987,Alaska,
1987,Ala.,0.099407432
1987,Ark.,
1987,Ariz.,0.990047757
1987,Calif.,2.719200496
1987,Colo.,0.275880588
1987,Conn.,0.672381296
1987,D.C.,
1987,Del.,3.088221215
1987,Fla.,0.690697804
1987,Ga.,0.142492047
1987,Hawaii,0.185214682
1987,Iowa,
1987,Idaho,
1987,Ill.,1.641764667
1987,Ind.,
1987,Kan.,
1987,Ky.,
1987,La.,
1987,Mass.,1.086959794
1987,Md.,0.236157722
1987,Maine,0.249202552
1987,Mich.,0.303753592
1987,Minn.,0.651743904
1987,Mo.,3.738879784
1987,Miss.,0.15501761
1987,Mont.,17.12067703
1987,N.C.,0.21602958
1987,N.D.,0
1987,Neb.,
1987,N.H.,16.25750409
1987,N.J.,0.505683559
1987,N.M,10.53453011
1987,Nev.,0.186042704
1987,N.Y.,2.430145983
1987,Ohio,0.009260501
1987,Okla.,0.126300221
1987,Ore.,2.991284782
1987,Pa.,0.253255344
1987,R.I.,0.20072099
1987,S.C.,0.058614998
1987,S.D.,
1987,Tenn.,
1987,Texas,2.501946658
1987,Utah,
1987,Va.,0.016564768
1987,Vt.,4.001724379
1987,Wash.,1.034506615
1987,Wis.,3.027545689
1987,W.Va.,
1987,Wyo.,
1988,Alaska,0.182762232
1988,Ala.,0.024812529
1988,Ark.,
1988,Ariz.,0.082822937
1988,Calif.,2.515558472
1988,Colo.,3.541100269
1988,Conn.,0.517755512
1988,D.C.,
1988,Del.,
1988,Fla.,1.321441416
1988,Ga.,
1988,Hawaii,1.827171502
1988,Iowa,
1988,Idaho,
1988,Ill.,0.446984877
1988,Ind.,1.03191832
1988,Kan.,0.040439186
1988,Ky.,0.951783724
1988,La.,
1988,Mass.,0.083118914
1988,Md.,0.317305795
1988,Maine,0.655758668
1988,Mich.,0.335015797
1988,Minn.,0.484087692
1988,Mo.,0.41210166
1988,Miss.,1.243071334
1988,Mont.,9.629381369
1988,N.C.,0.030462455
1988,N.D.,
1988,Neb.,
1988,N.H.,10.23066992
1988,N.J.,4.25829938
1988,N.M,
1988,Nev.,
1988,N.Y.,0.511591837
1988,Ohio,0.886490685
1988,Okla.,0.253943505
1988,Ore.,1.290056709
1988,Pa.,4.390697587
1988,R.I.,
1988,S.C.,
1988,S.D.,
1988,Tenn.,0.020599681
1988,Texas,0.083299939
1988,Utah,
1988,Va.,3.463913052
1988,Vt.,
1988,Wash.,0.147482806
1988,Wis.,
1988,W.Va.,0.332121459
1988,Wyo.,
1989,Alaska,0
1989,Ala.,1.509681638
1989,Ark.,0.212700337
1989,Ariz.,3.956097683
1989,Calif.,7.3655862
1989,Colo.,3.035459632
1989,Conn.,6.540687947
1989,D.C.,6.755643434
1989,Del.,5.404042224
1989,Fla.,1.569030461
1989,Ga.,0.262417925
1989,Hawaii,2.797255802
1989,Iowa,0.432159121
1989,Idaho,0.794636995
1989,Ill.,22.31728478
1989,Ind.,2.020144083
1989,Kan.,4.762723535
1989,Ky.,1.166799085
1989,La.,2.796226421
1989,Mass.,1.795085952
1989,Md.,2.509689493
1989,Maine,
1989,Mich.,4.227944519
1989,Minn.,0.15999638
1989,Mo.,9.947092801
1989,Miss.,0.038861876
1989,Mont.,1.626901441
1989,N.C.,2.941781244
1989,N.D.,
1989,Neb.,6.652369352
1989,N.H.,1.442413446
1989,N.J.,5.31681765
1989,N.M,1.386075486
1989,Nev.,0.99847483
1989,N.Y.,1.617524404
1989,Ohio,25.09423012
1989,Okla.,4.037404807
1989,Ore.,1.442483097
1989,Pa.,1.986257288
1989,R.I.,3.886537036
1989,S.C.,0.51624701
1989,S.D.,
1989,Tenn.,2.850004665
1989,Texas,18.42049956
1989,Utah,6.907159648
1989,Va.,0.404049677
1989,Vt.,0.177696274
1989,Wash.,1.068487589
1989,Wis.,6.459830789
1989,W.Va.,2.955153593
1989,Wyo.,
1990,Alaska,4.879900233
1990,Ala.,0.691348636
1990,Ark.,1.739804955
1990,Ariz.,7.735952664
1990,Calif.,32.03656668
1990,Colo.,4.202419989
1990,Conn.,5.710871342
1990,D.C.,3.634435283
1990,Del.,1.344152266
1990,Fla.,2.846553066
1990,Ga.,5.497034826
1990,Hawaii,3.682113282
1990,Iowa,0.934909447
1990,Idaho,2.173088472
1990,Ill.,9.054146415
1990,Ind.,4.480191615
1990,Kan.,9.470654874
1990,Ky.,1.136964111
1990,La.,0
1990,Mass.,0.531328542
1990,Md.,4.291872319
1990,Maine,0.324749395
1990,Mich.,4.048835616
1990,Minn.,9.203033265
1990,Mo.,1.033364009
1990,Miss.,0.504091478
1990,Mont.,
1990,N.C.,0.675268487
1990,N.D.,
1990,Neb.,4.994752349
1990,N.H.,
1990,N.J.,2.460400752
1990,N.M,6.63786316
1990,Nev.,17.69483778
1990,N.Y.,4.4726134
1990,Ohio,5.218994341
1990,Okla.,5.621144395
1990,Ore.,1.363457589
1990,Pa.,3.763662494
1990,R.I.,2.982122178
1990,S.C.,0.114248012
1990,S.D.,2.295219774
1990,Tenn.,1.961388434
1990,Texas,22.85311596
1990,Utah,8.491107154
1990,Va.,1.206392141
1990,Vt.,
1990,Wash.,6.710118594
1990,Wis.,13.3956916
1990,W.Va.,0.33471907
1990,Wyo.,
1991,Alaska,0.175379214
1991,Ala.,0.024395266
1991,Ark.,
1991,Ariz.,9.027138429
1991,Calif.,6.442246751
1991,Colo.,0.324759774
1991,Conn.,0.6963588
1991,D.C.,
1991,Del.,2.781519002
1991,Fla.,2.221424737
1991,Ga.,0.225462028
1991,Hawaii,1.935335174
1991,Iowa,0.57191613
1991,Idaho,42.15819213
1991,Ill.,0.051862898
1991,Ind.,0.089025188
1991,Kan.,0.360184126
1991,Ky.,0.698487613
1991,La.,
1991,Mass.,0.714467298
1991,Md.,3.677345967
1991,Maine,0.565848154
1991,Mich.,0.37232276
1991,Minn.,0.607990481
1991,Mo.,
1991,Miss.,
1991,Mont.,
1991,N.C.,0.663298095
1991,N.D.,
1991,Neb.,0
1991,N.H.,
1991,N.J.,13.03956812
1991,N.M,4.950797432
1991,Nev.,1.465855971
1991,N.Y.,7.76382521
1991,Ohio,0.109631472
1991,Okla.,
1991,Ore.,2.800061601
1991,Pa.,11.70072451
1991,R.I.,0.395785283
1991,S.C.,0.364104454
1991,S.D.,
1991,Tenn.,0.201345512
1991,Texas,1.230026086
1991,Utah,12.36107834
1991,Va.,0.333268954
1991,Vt.,0.703474814
1991,Wash.,1.532148048
1991,Wis.,0.141005567
1991,W.Va.,
1991,Wyo.,0.653224753
1992,Alaska,0.679421676
1992,Ala.,
1992,Ark.,
1992,Ariz.,0
1992,Calif.,0.196935179
1992,Colo.,0.629301598
1992,Conn.,0.060592987
1992,D.C.,0.334691624
1992,Del.,0.431701263
1992,Fla.,0.300354132
1992,Ga.,0.044006318
1992,Hawaii,4.229194735
1992,Iowa,
1992,Idaho,
1992,Ill.,0.076961334
1992,Ind.,0.211470625
1992,Kan.,0.078976652
1992,Ky.,7.435992701
1992,La.,
1992,Mass.,0.348333283
1992,Md.,0.22342429
1992,Maine,0.242226938
1992,Mich.,0.147693892
1992,Minn.,0.222441104
1992,Mo.,0.019167733
1992,Miss.,0.03811362
1992,Mont.,
1992,N.C.,0.362465192
1992,N.D.,
1992,Neb.,
1992,N.H.,1.431403563
1992,N.J.,0.406065193
1992,N.M,0.062678556
1992,Nev.,0.073999143
1992,N.Y.,0.613811201
1992,Ohio,0.045333254
1992,Okla.,0.248407321
1992,Ore.,0.300826772
1992,Pa.,0.08299134
1992,R.I.,2.271423224
1992,S.C.,0.801002302
1992,S.D.,
1992,Tenn.,
1992,Texas,5.641975124
1992,Utah,
1992,Va.,0.233852231
1992,Vt.,
1992,Wash.,
1992,Wis.,
1992,W.Va.,
1992,Wyo.,0.214476752
1993,Alaska,
1993,Ala.,0.023729285
1993,Ark.,
1993,Ariz.,0.073792751
1993,Calif.,0.201439313
1993,Colo.,0
1993,Conn.,0.181314074
1993,D.C.,
1993,Del.,0.283134526
1993,Fla.,0.193865451
1993,Ga.,0.014330261
1993,Hawaii,1.278949011
1993,Iowa,
1993,Idaho,
1993,Ill.,0.033870809
1993,Ind.,0.017424581
1993,Kan.,
1993,Ky.,
1993,La.,0.023167304
1993,Mass.,0.297001816
1993,Md.,0.02011308
1993,Maine,0.16099145
1993,Mich.,0.073374385
1993,Minn.,
1993,Mo.,0
1993,Miss.,
1993,Mont.,
1993,N.C.,
1993,N.D.,
1993,Neb.,
1993,N.H.,0.177076084
1993,N.J.,0.062901666
1993,N.M,
1993,Nev.,0.070860925
1993,N.Y.,0
1993,Ohio,0.099088922
1993,Okla.,
1993,Ore.,
1993,Pa.,
1993,R.I.,0.098511297
1993,S.C.,
1993,S.D.,
1993,Tenn.,0
1993,Texas,0.055061192
1993,Utah,
1993,Va.,
1993,Vt.,5.365661153
1993,Wash.,
1993,Wis.,0
1993,W.Va.,
1993,Wyo.,
1994,Alaska,2.652045058
1994,Ala.,
1994,Ark.,
1994,Ariz.,0.212009689
1994,Calif.,0.203275047
1994,Colo.,0.537032701
1994,Conn.,0.12062286
1994,D.C.,
1994,Del.,
1994,Fla.,0.147477668
1994,Ga.,0.041916038
1994,Hawaii,
1994,Iowa,0.245549761
1994,Idaho,0.174651134
1994,Ill.,0.151100706
1994,Ind.,0.017260646
1994,Kan.,0.038751985
1994,Ky.,
1994,La.,0.023001826
1994,Mass.,0.098437453
1994,Md.,0.099540917
1994,Maine,0.241417216
1994,Mich.,0.156286841
1994,Minn.,
1994,Mo.,0.807588022
1994,Miss.,
1994,Mont.,
1994,N.C.,0.041739723
1994,N.D.,
1994,Neb.,0
1994,N.H.,0
1994,N.J.,1.684487715
1994,N.M,
1994,Nev.,
1994,N.Y.,0.303367323
1994,Ohio,0.044833182
1994,Okla.,
1994,Ore.,
1994,Pa.,0.057537163
1994,R.I.,0.689003504
1994,S.C.,
1994,S.D.,
1994,Tenn.,0.516110484
1994,Texas,0.086188034
1994,Utah,7.804346562
1994,Va.,0.030334564
1994,Vt.,0.171280976
1994,Wash.,
1994,Wis.,0.038958423
1994,W.Va.,1.97756453
1994,Wyo.,
1995,Alaska,
1995,Ala.,
1995,Ark.,0.078883048
1995,Ariz.,0.270727641
1995,Calif.,0.119886744
1995,Colo.,0.679444935
1995,Conn.,0.030082933
1995,D.C.,
1995,Del.,
1995,Fla.,0.061907259
1995,Ga.,0.068227596
1995,Hawaii,0
1995,Iowa,
1995,Idaho,0.33975412
1995,Ill.,0.041637392
1995,Ind.,
1995,Kan.,0.038446648
1995,Ky.,
1995,La.,0.411073498
1995,Mass.,0.081414065
1995,Md.,0
1995,Maine,
1995,Mich.,0.041338495
1995,Minn.,
1995,Mo.,0
1995,Miss.,
1995,Mont.,
1995,N.C.,
1995,N.D.,
1995,Neb.,
1995,N.H.,
1995,N.J.,0.049485095
1995,N.M,1.801912818
1995,Nev.,0.063227991
1995,N.Y.,0.010796744
1995,Ohio,0.017852758
1995,Okla.,
1995,Ore.,0.094210187
1995,Pa.,0.008197794
1995,R.I.,0.491641118
1995,S.C.,
1995,S.D.,
1995,Tenn.,
1995,Texas,0.068569918
1995,Utah,0
1995,Va.,
1995,Vt.,
1995,Wash.,0.401384631
1995,Wis.,0
1995,W.Va.,
1995,Wyo.,
1996,Alaska,11.17375351
1996,Ala.,
1996,Ark.,
1996,Ariz.,0.174408211
1996,Calif.,0.140542282
1996,Colo.,0.178572704
1996,Conn.,0.029969865
1996,D.C.,0
1996,Del.,0.134956955
1996,Fla.,0
1996,Ga.,0.013331433
1996,Hawaii,2.824495018
1996,Iowa,0
1996,Idaho,0.16623957
1996,Ill.,0.016526198
1996,Ind.,
1996,Kan.,0.038247441
1996,Ky.,
1996,La.,
1996,Mass.,0.194182424
1996,Md.,0.078247476
1996,Maine,0
1996,Mich.,0.020494649
1996,Minn.,0.381936362
1996,Mo.,0.036821881
1996,Miss.,
1996,Mont.,
1996,N.C.,0.053328569
1996,N.D.,
1996,Neb.,
1996,N.H.,
1996,N.J.,0
1996,N.M,0.970139118
1996,Nev.,0.24004993
1996,N.Y.,
1996,Ohio,0.05336736
1996,Okla.,
1996,Ore.,0.338762672
1996,Pa.,0.098195944
1996,R.I.,
1996,S.C.,
1996,S.D.,
1996,Tenn.,0.036923238
1996,Texas,0.139604563
1996,Utah,5.754418813
1996,Va.,0.014812875
1996,Vt.,0.168434953
1996,Wash.,0.915659994
1996,Wis.,0.01912051
1996,W.Va.,
1996,Wyo.,0.204847931
1997,Alaska,0.163140653
1997,Ala.,0.137364681
1997,Ark.,0.115336263
1997,Ariz.,0.189994068
1997,Calif.,0.107738685
1997,Colo.,0.721699488
1997,Conn.,0
1997,D.C.,0.35227641
1997,Del.,
1997,Fla.,0.052679046
1997,Ga.,0
1997,Hawaii,0.495196593
1997,Iowa,0.276709468
1997,Idaho,6.593299254
1997,Ill.,0.073856971
1997,Ind.,
1997,Kan.,
1997,Ky.,
1997,La.,
1997,Mass.,0.86732247
1997,Md.,0.504137026
1997,Maine,0.318782506
1997,Mich.,0.081557329
1997,Minn.,0.356888686
1997,Mo.,0.05473261
1997,Miss.,0.144040124
1997,Mont.,
1997,N.C.,0.026120487
1997,N.D.,0.153913402
1997,Neb.,0.05929728
1997,N.H.,1.933707464
1997,N.J.,0.024334429
1997,N.M,0.394401971
1997,Nev.,0.056686
1997,N.Y.,0.117921077
1997,Ohio,0.301489081
1997,Okla.,0
1997,Ore.,0.090790513
1997,Pa.,0.12267115
1997,R.I.,0.487636941
1997,S.C.,0.051817552
1997,S.D.,1.20931495
1997,Tenn.,0.054553062
1997,Texas,0.045591973
1997,Utah,0.047174618
1997,Va.,0.02928608
1997,Vt.,9.878792242
1997,Wash.,0.264328965
1997,Wis.,0
1997,W.Va.,0.054971846
1997,Wyo.,0.612931632
1998,Alaska,2.580928231
1998,Ala.,0
1998,Ark.,
1998,Ariz.,0.204777794
1998,Calif.,0.012125741
1998,Colo.,
1998,Conn.,
1998,D.C.,
1998,Del.,0
1998,Fla.,0.006457212
1998,Ga.,0.012716925
1998,Hawaii,
1998,Iowa,0.034448643
1998,Idaho,0.079851157
1998,Ill.,0.008148733
1998,Ind.,0.033339557
1998,Kan.,
1998,Ky.,
1998,La.,0.022520778
1998,Mass.,0.015944289
1998,Md.,0
1998,Maine,
1998,Mich.,0.091389653
1998,Minn.,
1998,Mo.,
1998,Miss.,
1998,Mont.,
1998,N.C.,
1998,N.D.,
1998,Neb.,
1998,N.H.,
1998,N.J.,0.084465391
1998,N.M,
1998,Nev.,
1998,N.Y.,
1998,Ohio,0
1998,Okla.,
1998,Ore.,
1998,Pa.,0.024498451
1998,R.I.,
1998,S.C.,
1998,S.D.,
1998,Tenn.,0
1998,Texas,
1998,Utah,
1998,Va.,0
1998,Vt.,0
1998,Wash.,0
1998,Wis.,0
1998,W.Va.,
1998,Wyo.,
1999,Alaska,
1999,Ala.,
1999,Ark.,0.150837525
1999,Ariz.,0.01990516
1999,Calif.,0.05373262
1999,Colo.,0
1999,Conn.,0
1999,D.C.,
1999,Del.,
1999,Fla.,0.006345411
1999,Ga.,
1999,Hawaii,0.082624143
1999,Iowa,
1999,Idaho,
1999,Ill.,
1999,Ind.,0.016542682
1999,Kan.,
1999,Ky.,0
1999,La.,
1999,Mass.,0.031658869
1999,Md.,
1999,Maine,
1999,Mich.,0
1999,Minn.,0
1999,Mo.,0.017979312
1999,Miss.,
1999,Mont.,
1999,N.C.,0
1999,N.D.,
1999,Neb.,
1999,N.H.,0
1999,N.J.,
1999,N.M,
1999,Nev.,0
1999,N.Y.,
1999,Ohio,
1999,Okla.,
1999,Ore.,0.147321359
1999,Pa.,
1999,R.I.,
1999,S.C.,
1999,S.D.,
1999,Tenn.,
1999,Texas,0.03404964
1999,Utah,0.090765434
1999,Va.,0.257136465
1999,Vt.,
1999,Wash.,
1999,Wis.,
1999,W.Va.,
1999,Wyo.,
2000,Alaska,0.159362804
2000,Ala.,
2000,Ark.,0.037337284
2000,Ariz.,
2000,Calif.,0.044124693
2000,Colo.,0.06931496
2000,Conn.,
2000,D.C.,
2000,Del.,
2000,Fla.,0.012463297
2000,Ga.,
2000,Hawaii,0.165075613
2000,Iowa,0.068301719
2000,Idaho,
2000,Ill.,0.032160429
2000,Ind.,
2000,Kan.,0.074271857
2000,Ky.,
2000,La.,
2000,Mass.,0
2000,Md.,
2000,Maine,
2000,Mich.,0.020089785
2000,Minn.,0.020267704
2000,Mo.,
2000,Miss.,
2000,Mont.,
2000,N.C.,
2000,N.D.,
2000,Neb.,
2000,N.H.,0.241848496
2000,N.J.,
2000,N.M,
2000,Nev.,0.346841832
2000,N.Y.,0.0105274
2000,Ohio,0.026399518
2000,Okla.,
2000,Ore.,
2000,Pa.,0
2000,R.I.,
2000,S.C.,
2000,S.D.,
2000,Tenn.,
2000,Texas,
2000,Utah,0.133671135
2000,Va.,0.028151041
2000,Vt.,0.163960499
2000,Wash.,0
2000,Wis.,
2000,W.Va.,
2000,Wyo.,
2001,Alaska,
2001,Ala.,
2001,Ark.,
2001,Ariz.,0.018852213
2001,Calif.,0.09859181
2001,Colo.,
2001,Conn.,0
2001,D.C.,
2001,Del.,
2001,Fla.,
2001,Ga.,0.011877057
2001,Hawaii,0.574568766
2001,Iowa,
2001,Idaho,0.151380973
2001,Ill.,0.00799499
2001,Ind.,0.032653237
2001,Kan.,0.037017075
2001,Ky.,0.049149819
2001,La.,
2001,Mass.,0
2001,Md.,0.055813611
2001,Maine,
2001,Mich.,
2001,Minn.,0.04013797
2001,Mo.,0.017717974
2001,Miss.,
2001,Mont.,
2001,N.C.,
2001,N.D.,
2001,Neb.,
2001,N.H.,
2001,N.J.,0.0117793
2001,N.M,
2001,Nev.,
2001,N.Y.,0
2001,Ohio,0.008774336
2001,Okla.,
2001,Ore.,0.17289163
2001,Pa.,0.04878234
2001,R.I.,
2001,S.C.,
2001,S.D.,
2001,Tenn.,
2001,Texas,0
2001,Utah,
2001,Va.,0.013905684
2001,Vt.,0.163357853
2001,Wash.,0
2001,Wis.,
2001,W.Va.,
2001,Wyo.,
2002,Alaska,
2002,Ala.,0.156514817
2002,Ark.,
2002,Ariz.,
2002,Calif.,0
2002,Colo.,
2002,Conn.,
2002,D.C.,
2002,Del.,
2002,Fla.,0.005995093
2002,Ga.,0.011647498
2002,Hawaii,0.081428649
2002,Iowa,
2002,Idaho,0
2002,Ill.,
2002,Ind.,0.016262788
2002,Kan.,
2002,Ky.,
2002,La.,
2002,Mass.,
2002,Md.,
2002,Maine,
2002,Mich.,
2002,Minn.,0
2002,Mo.,0.017602993
2002,Miss.,
2002,Mont.,
2002,N.C.,
2002,N.D.,
2002,Neb.,
2002,N.H.,
2002,N.J.,
2002,N.M,
2002,Nev.,0
2002,N.Y.,0.005218697
2002,Ohio,0
2002,Okla.,
2002,Ore.,
2002,Pa.,
2002,R.I.,
2002,S.C.,
2002,S.D.,
2002,Tenn.,
2002,Texas,0.004606005
2002,Utah,0
2002,Va.,
2002,Vt.,
2002,Wash.,
2002,Wis.,
2002,W.Va.,
2002,Wyo.,
2003,Ala.,0
2003,Ark.,0
2003,Ariz.,0.02
2003,Calif.,0.01
2003,Colo.,0
2003,Conn.,0
2003,D.C.,0
2003,Del.,0
2003,Fla.,0
2003,Ga.,0.01
2003,Hawaii,1.52
2003,Iowa,0
2003,Idaho,0
2003,Ill.,0.01
2003,Ind.,0
2003,Kan.,0
2003,Ky.,0
2003,La.,0
2003,Mass.,0
2003,Md.,0.02
2003,Maine,0
2003,Mich.,0.02
2003,Minn.,0
2003,Mo.,0
2003,Miss.,0
2003,Mont.,0
2003,N.C.,0.01
2003,N.D.,0
2003,Neb.,0
2003,N.H.,0.08
2003,N.J.,0.02
2003,N.M,0
2003,Nev.,0
2003,N.Y.,0.04
2003,Ohio,0.02
2003,Okla.,0
2003,Ore.,0.08
2003,Pa.,0.07
2003,R.I.,0
2003,S.C.,0
2003,S.D.,0
2003,Tenn.,0
2003,Texas,0
2003,Utah,0
2003,Va.,0
2003,Vt.,0
2003,Wash.,0
2003,Wis.,0
2003,W.Va.,0.02
2003,Wyo.,0
2004,Alaska,0
2004,Ala.,0
2004,Ark.,0
2004,Ariz.,0
2004,Calif.,0.02
2004,Colo.,0.02
2004,Conn.,0
2004,D.C.,0
2004,Del.,0
2004,Fla.,0.01
2004,Ga.,0.01
2004,Hawaii,0.24
2004,Iowa,0.1
2004,Idaho,0
2004,Ill.,0.01
2004,Ind.,0
2004,Kan.,0
2004,Ky.,0
2004,La.,0
2004,Mass.,0.03
2004,Md.,0.02
2004,Maine,0
2004,Mich.,0
2004,Minn.,0
2004,Mo.,0.03
2004,Miss.,0
2004,Mont.,0
2004,N.C.,0.02
2004,N.D.,0
2004,Neb.,0
2004,N.H.,0
2004,N.J.,0.02
2004,N.M,0
2004,Nev.,0
2004,N.Y.,0.03
2004,Ohio,0
2004,Okla.,0
2004,Ore.,0
2004,Pa.,0
2004,R.I.,0
2004,S.C.,0
2004,S.D.,0
2004,Tenn.,0
2004,Texas,0
2004,Utah,0
2004,Va.,0
2004,Vt.,0
2004,Wash.,0.11
2004,Wis.,0
2004,W.Va.,0
2004,Wyo.,0
2005,Alaska,0
2005,Ala.,0
2005,Ark.,0
2005,Ariz.,0.02
2005,Calif.,0.01
2005,Colo.,0
2005,Conn.,0
2005,D.C.,0
2005,Del.,0.12
2005,Fla.,0
2005,Ga.,0
2005,Hawaii,0.08
2005,Iowa,0
2005,Idaho,0
2005,Ill.,0.02
2005,Ind.,0.53
2005,Kan.,0
2005,Ky.,0
2005,La.,0
2005,Mass.,0
2005,Md.,0
2005,Maine,0
2005,Mich.,0.01
2005,Minn.,0
2005,Mo.,0
2005,Miss.,0
2005,Mont.,0
2005,N.C.,0
2005,N.D.,0
2005,Neb.,0
2005,N.H.,0.08
2005,N.J.,0.02
2005,N.M,0
2005,Nev.,0
2005,N.Y.,0.04
2005,Ohio,0.03
2005,Okla.,0
2005,Ore.,0.06
2005,Pa.,0
2005,R.I.,0
2005,S.C.,0
2005,S.D.,0
2005,Tenn.,0.02
2005,Texas,0.01
2005,Utah,0
2005,Va.,0
2005,Vt.,0
2005,Wash.,0.03
2005,Wis.,0
2005,W.Va.,0.04
2005,Wyo.,0
2006,Alaska,0
2006,Ala.,0
2006,Ark.,0
2006,Ariz.,0
2006,Calif.,0.02
2006,Colo.,0.02
2006,Conn.,0
2006,D.C.,0
2006,Del.,0
2006,Fla.,0.02
2006,Ga.,0
2006,Hawaii,0
2006,Iowa,0
2006,Idaho,0
2006,Ill.,0
2006,Ind.,0.02
2006,Kan.,0.04
2006,Ky.,0
2006,La.,0
2006,Mass.,0.3
2006,Md.,0.04
2006,Maine,0
2006,Mich.,0.01
2006,Minn.,0.02
2006,Mo.,0.02
2006,Miss.,0
2006,Mont.,0
2006,N.C.,0
2006,N.D.,0
2006,Neb.,0
2006,N.H.,0.08
2006,N.J.,0.01
2006,N.M,0
2006,Nev.,0
2006,N.Y.,0.05
2006,Ohio,0
2006,Okla.,0
2006,Ore.,0.05
2006,Pa.,0.02
2006,R.I.,0
2006,S.C.,0
2006,S.D.,0
2006,Tenn.,0
2006,Texas,0
2006,Utah,0
2006,Va.,0
2006,Vt.,0
2006,Wash.,0.03
2006,Wis.,0
2006,W.Va.,0
2006,Wyo.,0
2007,Alaska,0
2007,Ala.,0
2007,Ark.,0
2007,Ariz.,0
2007,Calif.,0.01
2007,Colo.,0
2007,Conn.,0
2007,D.C.,0
2007,Del.,0
2007,Fla.,0.03
2007,Ga.,0
2007,Hawaii,0.15
2007,Iowa,0
2007,Idaho,0
2007,Ill.,0.01
2007,Ind.,0
2007,Kan.,0
2007,Ky.,0
2007,La.,0
2007,Mass.,0.02
2007,Md.,0
2007,Maine,0
2007,Mich.,0.03
2007,Minn.,0.02
2007,Mo.,0
2007,Miss.,0
2007,Mont.,0
2007,N.C.,0.03
2007,N.D.,0
2007,Neb.,0
2007,N.H.,0
2007,N.J.,0.01
2007,N.M,0.05
2007,Nev.,0
2007,N.Y.,0.04
2007,Ohio,0
2007,Okla.,0
2007,Ore.,0.03
2007,Pa.,0.02
2007,R.I.,0
2007,S.C.,0
2007,S.D.,0
2007,Tenn.,0
2007,Texas,0.03
2007,Utah,0
2007,Va.,0
2007,Vt.,0
2007,Wash.,0.05
2007,Wis.,0
2007,W.Va.,0
2007,Wyo.,0
2008,Alaska,0
2008,Ala.,0
2008,Ark.,0.07
2008,Ariz.,0.22
2008,Calif.,0.05
2008,Colo.,0
2008,Conn.,0
2008,D.C.,0.17
2008,Del.,0
2008,Fla.,0.01
2008,Ga.,0.01
2008,Hawaii,0.3
2008,Iowa,0
2008,Idaho,0
2008,Ill.,0.25
2008,Ind.,0
2008,Kan.,0
2008,Ky.,0
2008,La.,0.02
2008,Mass.,0.03
2008,Md.,0
2008,Maine,0
2008,Mich.,0.04
2008,Minn.,0
2008,Mo.,0.02
2008,Miss.,0
2008,Mont.,0
2008,N.C.,0
2008,N.D.,0
2008,Neb.,0
2008,N.H.,0
2008,N.J.,0.01
2008,N.M,0.05
2008,Nev.,0
2008,N.Y.,0.16
2008,Ohio,0
2008,Okla.,0
2008,Ore.,0.03
2008,Pa.,0.01
2008,R.I.,0
2008,S.C.,0
2008,S.D.,0
2008,Tenn.,0
2008,Texas,0
2008,Utah,0
2008,Va.,0.01
2008,Vt.,0
2008,Wash.,0.29
2008,Wis.,0
2008,W.Va.,0.11
2008,Wyo.,0
2009,Alaska,0
2009,Ala.,0
2009,Ark.,0
2009,Ariz.,0
2009,Calif.,0.02
2009,Colo.,0
2009,Conn.,0
2009,D.C.,0.34
2009,Del.,0
2009,Fla.,0.03
2009,Ga.,0.01
2009,Hawaii,0
2009,Iowa,0.03
2009,Idaho,0
2009,Ill.,0
2009,Ind.,0
2009,Kan.,0
2009,Ky.,0
2009,La.,0
2009,Mass.,0.03
2009,Md.,0.07
2009,Maine,0
2009,Mich.,0
2009,Minn.,0.02
2009,Mo.,0.1
2009,Miss.,0
2009,Mont.,0
2009,N.C.,0
2009,N.D.,0
2009,Neb.,0
2009,N.H.,0
2009,N.J.,0.02
2009,N.M,0
2009,Nev.,0
2009,N.Y.,0.09
2009,Ohio,0.01
2009,Okla.,0
2009,Ore.,0
2009,Pa.,0.11
2009,R.I.,0
2009,S.C.,0
2009,S.D.,0
2009,Tenn.,0.02
2009,Texas,0
2009,Utah,0
2009,Va.,0.01
2009,Vt.,0
2009,Wash.,0.01
2009,Wis.,0.05
2009,W.Va.,0
2009,Wyo.,0
2010,Alaska,0
2010,Ala.,0
2010,Ark.,0
2010,Ariz.,0.02
2010,Calif.,0.07
2010,Colo.,0
2010,Conn.,0.03
2010,D.C.,0
2010,Del.,0
2010,Fla.,0.01
2010,Ga.,0.01
2010,Hawaii,0.29
2010,Iowa,0
2010,Idaho,0
2010,Ill.,0
2010,Ind.,0
2010,Kan.,0
2010,Ky.,0.02
2010,La.,0
2010,Mass.,0.05
2010,Md.,0
2010,Maine,0
2010,Mich.,0
2010,Minn.,0.06
2010,Mo.,0.05
2010,Miss.,0
2010,Mont.,0
2010,N.C.,0
2010,N.D.,0
2010,Neb.,0
2010,N.H.,0
2010,N.J.,0
2010,N.M,0
2010,Nev.,0.04
2010,N.Y.,0.04
2010,Ohio,0.02
2010,Okla.,0
2010,Ore.,0
2010,Pa.,0.02
2010,R.I.,0
2010,S.C.,0
2010,S.D.,0
2010,Tenn.,0
2010,Texas,0
2010,Utah,0
2010,Va.,0.04
2010,Vt.,0
2010,Wash.,0.01
2010,Wis.,0
2010,W.Va.,0
2010,Wyo.,0.18
2011,Alaska,0
2011,Ala.,0
2011,Ark.,0
2011,Ariz.,0.03
2011,Calif.,0.08
2011,Colo.,0
2011,Conn.,0.03
2011,D.C.,
2011,Del.,0.11
2011,Fla.,0.04
2011,Ga.,0
2011,Hawaii,0
2011,Iowa,0.03
2011,Idaho,0
2011,Ill.,0.02
2011,Ind.,0.21
2011,Kan.,0.21
2011,Ky.,0.02
2011,La.,0
2011,Mass.,0.36
2011,Md.,0.03
2011,Maine,0
2011,Mich.,0.02
2011,Minn.,0.49
2011,Mo.,0
2011,Miss.,0
2011,Mont.,0
2011,N.C.,0.02
2011,N.D.,0.15
2011,Neb.,0
2011,N.H.,0.08
2011,N.J.,0.05
2011,N.M,0.19
2011,Nev.,0.04
2011,N.Y.,0.16
2011,Ohio,0
2011,Okla.,0
2011,Ore.,0.08
2011,Pa.,0.1
2011,R.I.,0.1
2011,S.C.,0
2011,S.D.,0
2011,Tenn.,0.05
2011,Texas,0.02
2011,Utah,0.46
2011,Va.,0.09
2011,Vt.,0.16
2011,Wash.,0.06
2011,Wis.,0
2011,W.Va.,0.04
2011,Wyo.,0
2012,Alaska,0
2012,Ala.,0
2012,Ark.,0.14
2012,Ariz.,0.03
2012,Calif.,0.02
2012,Colo.,0
2012,Conn.,0.03
2012,D.C.,0.16
2012,Del.,0.11
2012,Fla.,0
2012,Ga.,0.02
2012,Hawaii,0
2012,Iowa,0
2012,Idaho,0
2012,Ill.,0
2012,Ind.,0.23
2012,Kan.,0.21
2012,Ky.,0
2012,La.,0
2012,Mass.,0
2012,Md.,0
2012,Maine,0
2012,Mich.,0.01
2012,Minn.,0
2012,Mo.,0
2012,Miss.,0
2012,Mont.,0
2012,N.C.,0
2012,N.D.,0
2012,Neb.,0
2012,N.H.,0
2012,N.J.,0.02
2012,N.M,0.1
2012,Nev.,0
2012,N.Y.,0.03
2012,Ohio,0.01
2012,Okla.,0
2012,Ore.,0.03
2012,Pa.,0.02
2012,R.I.,0
2012,S.C.,0
2012,S.D.,0
2012,Tenn.,0
2012,Texas,0
2012,Utah,0.04
2012,Va.,0
2012,Vt.,0
2012,Wash.,0
2012,Wis.,0
2012,W.Va.,0
2012,Wyo.,0