freq,nrg_bal,unit,geo\TIME_PERIOD	2004 	2005 	2006 	2007 	2008 	2009 	2010 	2011 	2012 	2013 	2014 	2015 	2016 	2017 	2018 	2019 	2020 	2021 	2022 
A,REN,PC,AL	29.62 	31.367 	32.07 	32.657 	32.448 	31.437 	31.867 	31.187 	35.152 	33.167 	31.856 	34.913 	36.953 	35.776 	36.572 	38.042 	45.015 	41.389 	44.076 
A,REN,PC,AT	22.553 	24.353 	26.276 	28.144 	28.788 	31.039 	31.205 	31.552 	32.734 	32.665 	33.55 	33.497 	33.37 	33.136 	33.784 	33.755 	36.545 	34.573 	33.758 
A,REN,PC,BA	: 	: 	: 	: 	: 	: 	: 	: 	: 	: 	24.873 	26.607 	25.358 	23.241 	35.972 	37.454 	39.835 	36.562 	: 
A,REN,PC,BE	1.916 	2.325 	2.658 	3.14 	3.611 	4.746 	6.004 	6.302 	7.086 	7.671 	8.038 	8.06 	8.744 	9.136 	9.472 	9.929 	13 	13.007 	13.759 
A,REN,PC,BG	9.231 	9.173 	9.415 	9.098 	10.345 	12.005 	13.927 	14.152 	15.837 	18.898 	18.05 	18.261 	18.76 	18.695 	20.581 	21.545 	23.319 	19.447 	19.095 
A,REN,PC,CY	3.071 	3.131 	3.263 	4.001 	5.131 	5.92 	6.161 	6.245 	7.111 	8.428 	9.144 	9.903 	9.833 	10.478 	13.873 	13.777 	16.879 	19.069 	19.429 
A,REN,PC,CZ	6.773 	7.113 	7.362 	7.895 	8.674 	9.977 	10.513 	10.945 	12.814 	13.927 	15.074 	15.07 	14.926 	14.799 	15.139 	16.239 	17.303 	17.671 	18.195 
A,REN,PC,DE	6.207 	7.167 	8.466 	10.039 	10.072 	10.851 	11.667 	12.47 	13.549 	13.757 	14.381 	14.901 	14.885 	15.472 	16.66 	17.266 	19.09 	19.395 	20.796 
A,REN,PC,DK	14.839 	15.955 	16.332 	17.747 	18.543 	19.948 	21.888 	23.389 	25.465 	27.173 	29.31 	30.469 	31.715 	34.387 	35.159 	37.02 	31.681 	41.009 	41.601 
A,REN,PC,EE	18.42 	17.478 	16.011 	17.139 	18.811 	23.009 	24.575 	25.515 	25.586 	25.356 	26.13 	28.987 	29.232 	29.538 	29.97 	31.73 	30.069 	37.442 	38.472 
A,REN,PC,EL	7.161 	7.277 	7.458 	8.249 	8.183 	8.731 	10.077 	11.153 	13.741 	15.326 	15.683 	15.69 	15.39 	17.3 	18.001 	19.633 	21.749 	22.017 	22.678 
A,REN,PC,ES	8.345 	8.444 	9.156 	9.667 	10.744 	12.958 	13.782 	13.176 	14.239 	15.081 	15.879 	16.221 	17.015 	17.118 	17.023 	17.852 	21.22 	20.736 	22.116 
A,REN,PC,EU27_2020	9.605 	10.182 	10.778 	11.749 	12.552 	13.85 	14.405 	14.547 	16.002 	16.659 	17.416 	17.82 	17.978 	18.411 	19.096 	19.887 	22.038 	21.893 	23.047 
A,REN,PC,FI	29.232 	28.814 	30.043 	29.561 	31.071 	31.045 	32.166 	32.532 	34.222 	36.63 	38.633 	39.23 	38.943 	40.857 	41.185 	42.807 	43.939 	42.854 	47.886 
A,REN,PC,FR	9.319 	9.272 	8.936 	9.426 	11.188 	12.215 	12.671 	10.813 	13.239 	13.88 	14.362 	14.803 	15.451 	15.847 	16.384 	17.174 	19.109 	19.204 	20.259 
A,REN,PC,HR	23.404 	23.691 	22.668 	22.161 	21.986 	23.596 	25.103 	25.389 	26.757 	28.04 	27.817 	28.969 	28.266 	27.28 	28.047 	28.466 	31.023 	31.285 	29.354 
A,REN,PC,HU	4.364 	6.931 	7.433 	8.575 	8.564 	11.673 	12.742 	13.972 	15.53 	16.205 	14.618 	14.495 	14.377 	13.556 	12.548 	12.634 	13.85 	14.134 	15.19 
A,REN,PC,IE	2.378 	2.822 	3.073 	3.497 	3.979 	5.243 	5.755 	6.605 	7.029 	7.521 	8.516 	9.083 	9.189 	10.52 	10.942 	11.979 	16.16 	12.376 	13.107 
A,REN,PC,IS	58.899 	60.27 	60.921 	71.925 	67.981 	70.238 	70.909 	72.298 	73.727 	73.787 	73.043 	71.949 	75.329 	74.104 	77.173 	78.612 	83.725 	80.185 	79.475 
A,REN,PC,IT	6.316 	7.549 	8.328 	9.807 	11.492 	12.775 	13.023 	12.881 	15.441 	16.741 	17.082 	17.525 	17.415 	18.267 	17.796 	18.181 	20.359 	18.883 	19.131 
A,REN,PC,LT	17.221 	16.768 	16.887 	16.482 	17.824 	19.798 	19.639 	19.943 	21.437 	22.689 	23.592 	25.748 	25.612 	26.038 	24.695 	25.474 	26.773 	28.166 	29.599 
A,REN,PC,LU	0.899 	1.402 	1.469 	2.725 	2.809 	2.929 	2.851 	2.855 	3.112 	3.494 	4.471 	4.987 	5.364 	6.194 	8.942 	7.046 	11.699 	11.73 	14.356 
A,REN,PC,LV	32.794 	32.264 	31.141 	29.615 	29.811 	34.317 	30.375 	33.478 	35.709 	37.037 	38.629 	37.538 	37.138 	39.008 	40.019 	40.929 	42.132 	42.098 	43.316 
A,REN,PC,ME	: 	35.694 	34.842 	32.925 	32.29 	39.371 	40.64 	40.648 	41.513 	43.696 	44.098 	43.073 	41.529 	39.693 	38.801 	37.722 	43.77 	39.891 	39.944 
A,REN,PC,MK	15.702 	16.466 	16.527 	14.976 	15.555 	17.238 	16.451 	16.407 	18.128 	18.509 	19.559 	19.526 	18.044 	19.636 	18.179 	17.485 	19.222 	17.468 	18.682 
A,REN,PC,MT	0.102 	0.123 	0.149 	0.177 	0.195 	0.221 	0.979 	1.85 	2.862 	3.76 	4.744 	5.119 	6.208 	7.219 	7.914 	8.23 	10.714 	12.672 	13.404 
A,REN,PC,NL	2.03 	2.478 	2.778 	3.298 	3.596 	4.266 	3.917 	4.524 	4.659 	4.691 	5.415 	5.714 	5.846 	6.507 	7.394 	8.886 	13.999 	12.988 	14.972 
A,REN,PC,NO	58.417 	60.069 	60.521 	60.398 	62.003 	65.071 	61.889 	64.638 	64.932 	66.48 	68.406 	68.545 	69.235 	70.036 	71.566 	74.406 	77.358 	74.034 	75.82 
A,REN,PC,PL	6.882 	6.867 	6.859 	6.903 	7.686 	8.676 	9.281 	10.337 	10.955 	11.452 	11.605 	11.881 	11.396 	11.059 	14.936 	15.377 	16.102 	15.613 	16.879 
A,REN,PC,PT	19.205 	19.523 	20.792 	21.907 	22.929 	24.405 	24.15 	24.603 	24.574 	25.699 	29.508 	30.514 	30.864 	30.611 	30.203 	30.623 	33.982 	33.982 	34.677 
A,REN,PC,RO	16.811 	17.571 	17.096 	18.195 	20.204 	22.157 	22.834 	21.743 	22.825 	23.886 	24.845 	24.785 	25.032 	24.454 	23.875 	24.29 	24.478 	23.871 	24.14 
A,REN,PC,RS	12.724 	14.257 	14.542 	14.327 	15.888 	21.024 	19.763 	19.118 	20.79 	21.095 	22.864 	21.989 	21.147 	20.287 	20.32 	21.443 	26.297 	25.255 	24.67 
A,REN,PC,SE	38.427 	39.982 	41.734 	43.224 	43.922 	47.024 	46.099 	47.632 	49.403 	50.153 	51.151 	52.22 	52.597 	53.39 	53.916 	55.785 	60.124 	62.686 	66.002 
A,REN,PC,SI	18.397 	19.809 	18.416 	19.675 	18.646 	20.765 	21.081 	20.937 	21.551 	23.16 	22.459 	22.879 	21.975 	21.658 	21.378 	21.968 	25 	25 	25.002 
A,REN,PC,SK	6.391 	6.36 	6.584 	7.766 	7.723 	9.368 	9.099 	10.348 	10.453 	10.133 	11.713 	12.882 	12.029 	11.465 	11.896 	16.894 	17.345 	17.419 	17.501 
A,REN,PC,XK	20.541 	19.773 	19.511 	18.812 	18.429 	18.23 	18.23 	17.598 	18.625 	18.823 	19.544 	18.484 	24.472 	23.082 	24.616 	24.215 	24.401 	22.14 	18.779 
A,REN_ELC,PC,AL	69.979 	76.112 	74.208 	79.631 	73.299 	70.714 	74.618 	66.131 	72.427 	62.665 	70.985 	79.222 	82.104 	91.025 	92.45 	92.994 	99.975 	94.421 	102.968 
A,REN_ELC,PC,AT	61.627 	62.901 	63.527 	65.666 	65.88 	68.626 	66.361 	66.779 	67.439 	68.909 	71.059 	71.487 	72.521 	71.626 	74.189 	75.067 	78.204 	73.97 	74.67 
A,REN_ELC,PC,BA	: 	: 	: 	: 	: 	: 	: 	: 	: 	: 	38.394 	38.726 	40.829 	39.564 	41.498 	45.482 	49.308 	46.318 	: 
A,REN_ELC,PC,BE	1.714 	2.386 	3.13 	3.662 	4.625 	6.176 	7.332 	8.989 	11.338 	12.547 	13.414 	15.573 	15.834 	17.214 	18.886 	20.817 	25.122 	26.012 	29.106 
A,REN_ELC,PC,BG	8.358 	8.666 	8.73 	8.899 	9.544 	10.906 	12.358 	12.621 	15.816 	18.682 	18.686 	18.975 	19.147 	19.022 	22.355 	23.509 	23.586 	21.413 	20.235 
A,REN_ELC,PC,CY	0.019 	0.024 	0.034 	0.074 	0.285 	0.589 	1.39 	3.445 	4.927 	6.654 	7.399 	8.445 	8.587 	8.911 	9.357 	9.756 	12.041 	14.84 	16.963 
A,REN_ELC,PC,CZ	3.693 	3.782 	4.096 	4.621 	5.182 	6.378 	7.516 	10.61 	11.667 	12.781 	13.89 	14.072 	13.615 	13.654 	13.711 	14.046 	14.81 	14.468 	15.499 
A,REN_ELC,PC,DE	9.436 	10.577 	11.944 	13.727 	15.141 	17.521 	18.241 	20.93 	23.605 	25.284 	28.171 	30.882 	32.273 	34.612 	37.591 	40.604 	44.215 	43.88 	47.637 
A,REN_ELC,PC,DK	23.754 	24.647 	23.966 	25.001 	25.936 	28.257 	32.735 	35.874 	38.716 	43.084 	48.493 	51.292 	53.717 	59.94 	62.394 	65.347 	65.323 	72.916 	77.22 
A,REN_ELC,PC,EE	0.546 	1.127 	1.428 	1.432 	1.972 	5.966 	10.294 	12.199 	15.67 	12.948 	14.017 	16.152 	16.194 	17.583 	19.679 	21.998 	28.293 	29.188 	29.108 
A,REN_ELC,PC,EL	7.842 	8.213 	8.924 	9.33 	9.646 	11.016 	12.307 	13.81 	16.364 	21.241 	21.923 	22.089 	22.657 	24.464 	26.001 	31.295 	35.856 	35.934 	42.408 
A,REN_ELC,PC,ES	19.018 	19.166 	20.027 	21.718 	23.777 	27.882 	29.748 	31.53 	33.438 	36.027 	37.128 	36.972 	36.676 	36.465 	35.236 	37.131 	42.944 	46.001 	50.902 
A,REN_ELC,PC,EU27_2020	15.871 	16.402 	16.879 	17.647 	18.526 	20.654 	21.283 	23.3 	25.138 	26.769 	28.601 	29.655 	30.172 	31.104 	32.134 	34.086 	37.408 	37.754 	41.174 
A,REN_ELC,PC,FI	26.711 	26.918 	26.42 	25.468 	26.745 	26.821 	27.216 	28.964 	29.11 	30.543 	31.114 	32.207 	32.716 	35.044 	36.539 	37.969 	39.564 	39.583 	47.925 
A,REN_ELC,PC,FR	13.782 	13.738 	14.058 	14.289 	14.358 	15.088 	14.815 	16.179 	16.548 	16.977 	18.465 	18.821 	19.209 	19.933 	21.131 	22.389 	24.819 	24.775 	27.323 
A,REN_ELC,PC,HR	35.027 	35.184 	34.818 	33.976 	33.865 	35.877 	37.52 	37.592 	38.764 	42.077 	45.241 	45.409 	46.667 	46.437 	48.139 	49.783 	53.816 	53.471 	55.518 
A,REN_ELC,PC,HU	2.22 	4.419 	3.453 	4.193 	5.317 	6.958 	7.103 	6.379 	6.057 	6.6 	7.305 	7.341 	7.292 	7.513 	8.306 	9.969 	11.904 	13.66 	15.342 
A,REN_ELC,PC,IE	6.031 	7.196 	8.505 	9.534 	10.822 	14.061 	15.642 	18.252 	19.838 	20.96 	23.32 	25.725 	27.069 	30.318 	33.317 	36.46 	39.055 	36.375 	36.776 
A,REN_ELC,PC,IS	93.148 	94.928 	93.497 	113.7 	90.847 	92.861 	92.419 	93.915 	95.422 	96.719 	97.063 	93.11 	95.31 	93.376 	98.497 	100.64 	102.709 	99.536 	99.193 
A,REN_ELC,PC,IT	16.086 	16.293 	15.926 	15.954 	16.645 	18.807 	20.091 	23.546 	27.42 	31.302 	33.42 	33.459 	34.012 	34.104 	33.93 	34.969 	38.081 	35.996 	37.102 
A,REN_ELC,PC,LT	3.587 	3.831 	4.016 	4.652 	4.914 	5.869 	7.401 	9.02 	10.876 	13.149 	13.705 	15.543 	16.872 	18.255 	18.408 	18.79 	20.166 	21.278 	26.461 
A,REN_ELC,PC,LU	2.765 	3.179 	3.172 	3.305 	3.581 	4.105 	3.786 	4.075 	4.66 	5.329 	5.958 	6.197 	6.674 	8.055 	9.115 	10.863 	13.887 	14.216 	15.936 
A,REN_ELC,PC,LV	45.958 	43.023 	40.414 	38.622 	38.733 	41.942 	42.051 	44.694 	44.877 	48.685 	51.037 	52.205 	51.251 	54.352 	53.499 	53.423 	53.357 	51.399 	53.305 
A,REN_ELC,PC,ME	: 	39.102 	37.679 	37.622 	38.258 	46.615 	45.74 	41.583 	42.765 	49.067 	51.444 	49.613 	50.961 	50.111 	52.419 	53.647 	61.49 	60.462 	63.213 
A,REN_ELC,PC,MK	14.511 	13.989 	14.011 	13.671 	13.848 	15.471 	15.847 	14.849 	16.659 	18.206 	19.273 	21.663 	24.138 	24.839 	24.838 	23.778 	23.532 	21.784 	24.489 
A,REN_ELC,PC,MT	0 	0 	0 	0 	0 	0 	0.032 	0.454 	1.115 	1.571 	3.333 	4.312 	5.714 	6.845 	7.702 	7.485 	9.489 	9.649 	10.126 
A,REN_ELC,PC,NL	4.446 	6.297 	6.541 	5.963 	7.464 	9.069 	9.601 	9.74 	10.35 	9.911 	9.924 	11.04 	12.55 	13.812 	15.171 	18.23 	26.407 	33.266 	39.916 
A,REN_ELC,PC,NO	97.973 	97.423 	100.843 	99.052 	100.154 	105.191 	98.252 	105.887 	104.599 	106.917 	110.135 	106.83 	105.638 	104.85 	106.829 	110.445 	113.802 	113.642 	120.01 
A,REN_ELC,PC,PL	2.049 	2.512 	2.86 	3.316 	4.248 	5.713 	6.549 	8.078 	10.61 	10.676 	12.36 	13.401 	13.342 	13.082 	13.027 	14.356 	16.237 	17.166 	21.009 
A,REN_ELC,PC,PT	27.39 	27.703 	29.308 	32.285 	34.063 	37.562 	40.608 	45.78 	47.505 	49.101 	52.054 	52.616 	53.99 	54.168 	52.186 	53.774 	58.032 	58.433 	60.959 
A,REN_ELC,PC,RO	28.427 	28.775 	28.054 	28.108 	28.075 	30.894 	30.378 	31.131 	33.567 	37.516 	41.679 	43.161 	42.712 	41.965 	41.793 	42.616 	43.374 	42.676 	43.725 
A,REN_ELC,PC,RS	18.486 	22.366 	23.603 	24.812 	25.858 	28.252 	28.183 	27.526 	28.509 	27.971 	30.274 	28.915 	29.154 	27.448 	28.658 	30.107 	30.701 	29.897 	30.142 
A,REN_ELC,PC,SE	51.196 	50.899 	51.783 	53.21 	53.687 	58.252 	55.767 	59.624 	59.779 	61.737 	63.214 	65.733 	64.869 	65.909 	66.228 	71.234 	74.495 	75.76 	83.34 
A,REN_ELC,PC,SI	29.271 	28.654 	28.231 	27.697 	29.962 	33.756 	32.2 	31.045 	31.637 	33.081 	33.935 	32.722 	32.056 	32.425 	32.307 	32.632 	35.095 	34.976 	37.005 
A,REN_ELC,PC,SK	15.403 	15.735 	16.566 	16.467 	17.013 	17.765 	17.774 	19.305 	20.054 	20.8 	22.87 	22.656 	22.513 	21.343 	21.499 	22.103 	23.066 	22.403 	22.901 
A,REN_ELC,PC,XK	0.472 	0.611 	0.907 	0.971 	0.971 	1.136 	1.361 	1.368 	1.496 	1.628 	1.867 	1.842 	3.973 	3.622 	4.234 	5.155 	5.259 	5.141 	6.685 
A,REN_HEAT_CL,PC,AL	33.138 	37.757 	30.964 	33.15 	37.056 	34.73 	31.257 	31.427 	39.1 	37.766 	30.977 	34.609 	32.495 	23.969 	21.993 	24.754 	25.125 	21.2 	22.087 
A,REN_HEAT_CL,PC,AT	20.165 	22.817 	24.491 	27.142 	27.195 	29.626 	30.959 	31.517 	33.077 	33.222 	33.375 	33.231 	33.48 	33.67 	34.178 	33.929 	34.995 	33.006 	30.579 
A,REN_HEAT_CL,PC,BA	: 	: 	: 	: 	: 	: 	: 	: 	: 	: 	28.626 	32.768 	32.329 	28.739 	52.685 	55.873 	56.623 	53.308 	: 
A,REN_HEAT_CL,PC,BE	2.927 	3.418 	3.812 	4.713 	5.121 	6.087 	6.71 	6.718 	7.108 	7.639 	7.751 	7.942 	8.247 	8.2 	8.29 	8.319 	8.447 	9.225 	10.444 
A,REN_HEAT_CL,PC,BG	14.056 	14.257 	14.79 	13.862 	17.262 	21.639 	24.334 	24.768 	27.241 	29.234 	28.518 	28.903 	29.99 	29.854 	33.25 	35.423 	37.178 	30.024 	31.668 
A,REN_HEAT_CL,PC,CY	9.264 	9.97 	10.434 	13.064 	14.469 	17.313 	18.813 	19.977 	21.764 	22.537 	22.186 	24.066 	24.69 	26.42 	37.164 	35.051 	37.117 	42.595 	41.56 
A,REN_HEAT_CL,PC,CZ	9.918 	10.835 	11.234 	12.37 	12.918 	14.26 	14.096 	15.388 	16.249 	17.706 	19.528 	19.787 	19.879 	19.728 	20.642 	22.632 	23.535 	24.347 	25.802 
A,REN_HEAT_CL,PC,DE	7.198 	7.711 	8.41 	10.249 	10.33 	11.155 	12.055 	12.607 	13.423 	13.408 	13.409 	13.432 	13.032 	13.369 	14.22 	14.504 	14.481 	15.519 	17.485 
A,REN_HEAT_CL,PC,DK	20.501 	22.612 	23.661 	26.707 	27.964 	29.403 	30.369 	31.889 	33.201 	34.679 	38.014 	39.536 	41.078 	44.063 	44.968 	47.302 	51.073 	49.199 	50.11 
A,REN_HEAT_CL,PC,EE	33.361 	32.369 	30.838 	33.037 	35.997 	42.028 	43.162 	44.55 	43.218 	43.112 	44.934 	50.031 	51.765 	52.217 	53.671 	52.193 	58.834 	61.347 	65.442 
A,REN_HEAT_CL,PC,EL	13.465 	13.384 	13.095 	14.675 	14.718 	17.247 	18.658 	20.111 	24.122 	27.418 	27.87 	26.557 	25.422 	28.246 	30.123 	30.048 	31.941 	31.081 	30.614 
A,REN_HEAT_CL,PC,ES	9.55 	9.409 	11.376 	11.246 	11.618 	13.218 	12.498 	13.469 	13.969 	13.967 	15.557 	16.85 	15.898 	16.205 	16.135 	17.203 	17.966 	17.391 	20.04 
A,REN_HEAT_CL,PC,EU27_2020	11.735 	12.437 	13.21 	14.819 	15.325 	16.786 	16.995 	17.415 	18.582 	19.044 	19.929 	20.307 	20.4 	20.819 	21.604 	22.432 	22.983 	22.932 	24.858 
A,REN_HEAT_CL,PC,FI	39.504 	39.116 	41.409 	41.434 	43.078 	42.888 	43.973 	45.732 	48.23 	50.772 	51.955 	52.618 	53.704 	54.593 	54.905 	56.884 	57.622 	52.084 	58.547 
A,REN_HEAT_CL,PC,FR	12.531 	12.363 	11.696 	12.787 	13.283 	15.038 	16.16 	15.263 	16.589 	17.608 	18.047 	18.879 	20.12 	20.599 	21.216 	22.36 	23.368 	23.938 	26.321 
A,REN_HEAT_CL,PC,HR	29.406 	30.002 	29.069 	29.301 	28.818 	31.298 	32.881 	33.82 	36.554 	37.308 	36.219 	38.619 	37.636 	36.627 	36.65 	36.791 	36.928 	38.006 	37.212 
A,REN_HEAT_CL,PC,HU	6.45 	9.935 	11.38 	13.544 	11.97 	17.019 	18.077 	20.043 	23.313 	23.699 	21.283 	21.335 	21.027 	19.902 	18.204 	18.16 	17.72 	17.898 	20.348 
A,REN_HEAT_CL,PC,IE	2.873 	3.442 	3.592 	3.786 	3.513 	4.181 	4.281 	4.657 	4.849 	5.185 	6.261 	6.184 	6.243 	6.624 	6.381 	6.344 	6.264 	4.932 	6.302 
A,REN_HEAT_CL,PC,IS	52.343 	53.725 	57.194 	60.91 	64.08 	64.412 	66.188 	68.1 	68.75 	65.893 	67.025 	69.196 	78.245 	78.253 	79.949 	80.896 	80.504 	79.621 	83.555 
A,REN_HEAT_CL,PC,IT	5.713 	8.223 	10.094 	13.334 	15.311 	16.431 	15.642 	13.818 	16.984 	18.092 	18.914 	19.255 	18.887 	20.083 	19.279 	19.699 	19.949 	19.335 	20.566 
A,REN_HEAT_CL,PC,LT	30.439 	29.318 	29.227 	29.094 	31.992 	33.72 	32.534 	32.788 	34.535 	36.873 	40.628 	46.081 	46.563 	46.495 	46.016 	47.372 	50.35 	48.624 	51.54 
A,REN_HEAT_CL,PC,LU	1.822 	3.612 	3.63 	4.354 	4.571 	4.629 	4.704 	4.736 	4.932 	5.33 	7.07 	6.858 	7.058 	7.45 	8.362 	8.687 	12.614 	12.899 	15.411 
A,REN_HEAT_CL,PC,LV	42.488 	42.679 	42.594 	42.363 	42.937 	47.887 	40.745 	44.71 	47.265 	49.65 	52.15 	51.738 	51.812 	54.582 	55.413 	57.749 	57.094 	57.365 	60.987 
A,REN_HEAT_CL,PC,ME	: 	52.907 	51.358 	49.126 	46.008 	62.078 	76.478 	81.291 	79.793 	68.492 	67.618 	68.543 	69.085 	65.679 	64.497 	62.648 	64.782 	63.498 	64.891 
A,REN_HEAT_CL,PC,MK	23.308 	24.681 	24.917 	22.491 	24.642 	29.207 	26.503 	27.338 	29.595 	31.762 	34.991 	34.474 	30.924 	36.301 	32.45 	32.066 	33.729 	32.325 	37.165 
A,REN_HEAT_CL,PC,MT	1.035 	1.028 	1.363 	1.507 	1.696 	2.011 	7.282 	12.026 	13.397 	15.399 	15.028 	14.639 	16.854 	19.314 	22.825 	23.602 	23.027 	32.776 	37.98 
A,REN_HEAT_CL,PC,NL	2.178 	2.379 	2.7 	2.914 	3.024 	3.37 	3.1 	3.688 	3.768 	4.002 	4.925 	5.278 	5.192 	5.75 	6.16 	7.217 	8.053 	7.826 	8.589 
A,REN_HEAT_CL,PC,NO	25.549 	28.837 	28.435 	29.326 	30.918 	31.814 	33.727 	34.671 	33.968 	32.758 	30.907 	32.674 	32.346 	32.464 	33.099 	35.384 	36.126 	32.304 	34.139 
A,REN_HEAT_CL,PC,PL	10.207 	10.161 	10.168 	10.46 	10.846 	11.607 	11.812 	13.24 	13.497 	14.265 	14.237 	14.795 	14.919 	14.779 	21.473 	22.005 	22.143 	21.003 	22.73 
A,REN_HEAT_CL,PC,PT	32.49 	32.075 	34.234 	34.951 	37.451 	37.931 	33.814 	35.184 	33.153 	34.628 	40.454 	40.1 	41.614 	41.022 	40.924 	41.657 	41.546 	42.681 	45.545 
A,REN_HEAT_CL,PC,RO	17.337 	17.928 	17.582 	19.465 	23.167 	26.433 	27.227 	24.306 	25.745 	26.195 	26.739 	25.886 	26.865 	26.581 	25.434 	25.739 	25.327 	24.573 	26.251 
A,REN_HEAT_CL,PC,RS	14.027 	15.563 	15.758 	13.189 	16.73 	26.503 	23.196 	21.089 	23.205 	25.145 	28.844 	26.929 	25.079 	24.896 	24.294 	26.648 	35.68 	35.401 	34.733 
A,REN_HEAT_CL,PC,SE	45.929 	49.022 	52.496 	54.465 	55.778 	59.203 	57.07 	58.519 	60.635 	61.708 	62.566 	63.235 	63.412 	63.62 	63.301 	64.394 	66.381 	68.76 	69.392 
A,REN_HEAT_CL,PC,SI	22.824 	26.404 	24.354 	29.311 	27.527 	28.874 	29.537 	31.785 	33.146 	35.116 	34.641 	36.15 	35.563 	34.639 	32.337 	32.132 	32.141 	35.215 	33.989 
A,REN_HEAT_CL,PC,SK	5.062 	5.031 	4.451 	6.232 	6.097 	8.178 	7.898 	9.258 	8.803 	7.875 	8.865 	10.791 	9.879 	9.837 	10.599 	19.696 	19.427 	19.521 	19.922 
A,REN_HEAT_CL,PC,XK	51.857 	49.49 	48.926 	49.214 	47.794 	47.761 	45.549 	44.683 	49.341 	49.72 	51.816 	46.725 	51.785 	50.531 	56.739 	54.793 	55.888 	52.583 	47.03 
A,REN_TRA,PC,AL	0.099 	0.095 	0 	0 	0 	0 	0 	0 	0 	0 	0 	0 	0 	0 	0 	0.203 	0.347 	0.331 	0.414 
A,REN_TRA,PC,AT	4.532 	5.07 	7.532 	8.241 	9.56 	11.175 	10.705 	10.077 	10.031 	9.695 	10.983 	11.409 	10.583 	9.703 	9.931 	10.051 	10.283 	9.471 	10.139 
A,REN_TRA,PC,BA	: 	: 	: 	: 	: 	: 	: 	: 	: 	: 	0.456 	0.53 	0.525 	0.533 	0.439 	0.396 	0.464 	0.244 	: 
A,REN_TRA,PC,BE	0.642 	0.663 	0.676 	0.671 	0.712 	2.19 	4.8 	4.802 	4.914 	5.088 	5.845 	3.921 	6.029 	6.637 	6.709 	6.817 	11.035 	10.264 	10.354 
A,REN_TRA,PC,BG	0.971 	0.884 	1.049 	0.956 	0.938 	1.092 	1.498 	0.898 	0.65 	5.886 	5.742 	6.492 	7.203 	7.273 	8.076 	7.893 	9.101 	7.613 	7.673 
A,REN_TRA,PC,CY	0 	0 	0 	0 	1.921 	2.036 	1.994 	0 	0 	1.127 	2.68 	2.521 	2.671 	2.561 	2.661 	3.316 	7.401 	7.188 	7.216 
A,REN_TRA,PC,CZ	1.203 	1.099 	1.073 	1.048 	2.843 	4.312 	5.22 	1.285 	6.249 	6.445 	6.997 	6.537 	6.496 	6.616 	6.556 	7.841 	9.383 	7.21 	7.197 
A,REN_TRA,PC,DE	2.136 	3.953 	6.701 	7.532 	6.316 	5.877 	6.413 	6.461 	7.322 	7.299 	6.9 	6.569 	7.013 	7.028 	7.941 	7.63 	10.008 	8.088 	9.941 
A,REN_TRA,PC,DK	0.445 	0.443 	0.521 	0.535 	0.54 	0.693 	1.15 	3.609 	6.278 	6.456 	6.556 	6.432 	6.732 	6.935 	6.92 	7.11 	9.701 	10.512 	10.241 
A,REN_TRA,PC,EE	0.2 	0.235 	0.184 	0.168 	0.185 	0.438 	0.433 	0.445 	0.451 	0.448 	0.418 	0.413 	0.431 	0.417 	3.315 	6.243 	12.165 	11.1 	8.476 
A,REN_TRA,PC,EL	0.087 	0.059 	0.735 	1.269 	1.062 	1.102 	1.915 	0.6 	0.903 	0.98 	1.326 	1.1 	1.624 	4.001 	4.108 	4.049 	5.341 	4.412 	4.081 
A,REN_TRA,PC,ES	1.035 	1.267 	0.837 	1.375 	2.165 	3.71 	5.018 	0.767 	0.869 	0.95 	1.024 	1.088 	5.167 	5.798 	6.938 	7.61 	9.528 	9.194 	9.676 
A,REN_TRA,PC,EU27_2020	1.432 	1.819 	2.472 	2.887 	4.133 	4.891 	5.5 	4.115 	5.767 	6.07 	6.552 	6.753 	7.165 	7.471 	8.265 	8.804 	10.253 	9.076 	9.615 
A,REN_TRA,PC,FI	1.01 	0.91 	0.956 	1.025 	2.909 	4.556 	4.386 	1.004 	1.049 	10.665 	24.124 	24.567 	8.816 	18.679 	14.772 	14.845 	14.31 	20.715 	18.829 
A,REN_TRA,PC,FR	0.783 	0.784 	0.792 	0.828 	6.245 	6.649 	6.577 	0.987 	7.414 	7.6 	8.249 	8.366 	8.405 	8.765 	8.963 	9.248 	9.207 	8.276 	9.031 
A,REN_TRA,PC,HR	0.995 	1.025 	1.005 	1.121 	1.072 	1.291 	1.123 	1.029 	1.049 	2.715 	2.652 	2.361 	1.218 	1.174 	2.582 	5.855 	6.593 	6.983 	2.395 
A,REN_TRA,PC,HU	1.016 	1.006 	1.217 	1.633 	5.183 	5.887 	6.163 	6.174 	5.998 	6.341 	7.001 	7.169 	7.768 	7.731 	7.746 	8.057 	11.571 	6.159 	7.763 
A,REN_TRA,PC,IE	0.044 	0.075 	0.102 	0.503 	1.305 	1.962 	2.491 	3.844 	4.044 	4.898 	5.204 	5.942 	5.159 	7.442 	7.186 	8.917 	10.187 	4.405 	5.512 
A,REN_TRA,PC,IS	0 	0 	0 	0.072 	0.107 	0.135 	0.194 	0.872 	1.338 	2.039 	2.256 	6.095 	6.297 	6.999 	8.396 	9.292 	11.959 	12.562 	13.666 
A,REN_TRA,PC,IT	1.213 	1.048 	0.995 	0.964 	2.616 	3.999 	4.916 	5.06 	6.155 	5.411 	5.02 	6.505 	7.414 	6.484 	7.659 	9.047 	10.736 	9.863 	10.054 
A,REN_TRA,PC,LT	0.446 	0.657 	1.905 	3.821 	4.318 	4.481 	3.794 	3.828 	4.973 	4.835 	4.355 	4.582 	3.649 	4.3 	4.333 	4.049 	5.511 	6.462 	6.677 
A,REN_TRA,PC,LU	0.138 	0.159 	0.189 	2.203 	2.173 	2.233 	2.093 	2.36 	2.827 	4.074 	5.55 	6.7 	5.965 	6.478 	6.596 	7.707 	12.581 	7.962 	8.715 
A,REN_TRA,PC,LV	2.139 	2.389 	2.165 	1.666 	1.688 	1.888 	3.978 	4.09 	3.995 	4.029 	4.075 	3.639 	2.449 	2.27 	4.729 	4.554 	6.733 	6.436 	3.134 
A,REN_TRA,PC,ME	: 	0.498 	0.505 	0.996 	0.881 	0.697 	0.787 	0.613 	0.736 	1.097 	1.071 	1.188 	1.102 	0.952 	0.86 	0.865 	0.632 	0.278 	0.346 
A,REN_TRA,PC,MK	0.203 	0.243 	0.28 	0.282 	0.283 	0.233 	0.198 	0.175 	0.188 	0.182 	0.211 	0.182 	0.14 	0.135 	0.118 	0.136 	0.148 	0.062 	0.053 
A,REN_TRA,PC,MT	0 	0 	0 	0 	0 	0 	0 	2.016 	3.216 	3.484 	4.667 	4.679 	5.269 	6.826 	8.019 	8.902 	10.586 	10.502 	10.467 
A,REN_TRA,PC,NL	0.515 	0.499 	0.85 	3.182 	2.981 	4.57 	3.397 	5.068 	5.217 	5.343 	6.562 	5.597 	4.761 	5.842 	9.483 	12.326 	12.631 	8.995 	10.811 
A,REN_TRA,PC,NO	3.095 	3.074 	3.314 	3.742 	5.294 	5.569 	5.391 	2.683 	3.007 	3.19 	6.156 	7.71 	13.763 	19.228 	20.318 	25.668 	28.69 	20.66 	23.689 
A,REN_TRA,PC,PL	1.581 	1.746 	1.817 	1.746 	4.143 	5.408 	6.64 	6.918 	6.533 	6.666 	6.319 	5.686 	3.974 	4.232 	5.72 	6.2 	6.575 	5.677 	5.793 
A,REN_TRA,PC,PT	0.424 	0.45 	1.631 	2.433 	2.515 	3.885 	5.548 	0.695 	0.807 	0.925 	3.667 	7.431 	7.647 	7.914 	9.037 	9.089 	9.701 	8.609 	8.706 
A,REN_TRA,PC,RO	1.819 	1.872 	1.538 	1.641 	1.345 	1.297 	1.366 	5.535 	4.962 	5.445 	4.675 	5.488 	6.169 	6.558 	6.342 	7.846 	8.54 	8.917 	8.235 
A,REN_TRA,PC,RS	0.452 	0.445 	0.429 	0.665 	0.677 	1.465 	0.672 	1.879 	2.001 	1.682 	1.166 	1.178 	1.232 	1.208 	1.185 	1.137 	1.174 	0.618 	0.602 
A,REN_TRA,PC,SE	6.288 	6.596 	7.509 	8.421 	8.693 	9.356 	9.627 	11.938 	13.777 	15.315 	18.831 	21.49 	26.56 	26.842 	29.696 	30.309 	31.854 	28.635 	29.158 
A,REN_TRA,PC,SI	0.85 	0.831 	1.056 	1.473 	1.773 	2.251 	3.118 	2.477 	3.252 	3.769 	2.876 	2.242 	1.601 	2.571 	5.48 	7.983 	10.911 	10.641 	7.828 
A,REN_TRA,PC,SK	1.5 	1.66 	3.295 	3.994 	4.278 	5.364 	5.292 	5.727 	5.596 	6.212 	7.951 	8.631 	7.765 	6.95 	6.988 	8.308 	9.259 	8.753 	8.932 
A,REN_TRA,PC,XK	0 	0 	0 	0 	0 	0 	0 	0 	0 	0 	0 	0 	0 	0 	0 	0 	0 	0 	0 
